Barcode,Physical Location,Title,Enumeration,Content Type,Filename,Date published,Notes
<dc:identifier>?,<dc:description>,<dc:title>,,<dc:type>,<dc:identifier>,<dc:date.issued>,
123456 (if we have),Cushing,Texas Aggie,v.1:no.1,Text,123456.pdf (DISC to fill in),"YYYY-MM-DD, 1921-05-15",remove before exporting for metadata use
,Cushing,Texas Aggie,v.1:no.2,Text,,1921-05-15,start box 1
,Cushing,Texas Aggie,v.2:no.3,Text,,1922-08-15,3 copies
,Cushing,Texas Aggie,v.2:no.7,Text,,1922-11-15,
,Cushing,Texas Aggie,v.2:no.14,Text,,1923-05-15,
,Cushing,Texas Aggie,v.3:no.5,Text,,1924-03-15,
,Cushing,Texas Aggie,v.3:no.6,Text,,1924-03-29,
,Cushing,Texas Aggie,v.3:no.7,Text,,1924-04-15,
,Cushing,Texas Aggie,v.3:no.8,Text,,1924-04-30,
,Cushing,Texas Aggie,v.3:no.9,Text,,1924-05-16,
,Cushing,Texas Aggie,v.3:no.10,Text,,1924-06-16,2 copies
,Cushing,Texas Aggie,v.3:no.11,Text,,1924-07-18,
,Cushing,Texas Aggie,v.3:no.15,Text,,1924-10-15,
,Cushing,Texas Aggie,v.3:no.17,Text,,1924-11-15,
,Cushing,Texas Aggie,v.3:no.18,Text,,1924-12-01,
,Cushing,Texas Aggie,v.3:no.25,Text,,1925-06-16,
,Cushing,Texas Aggie,v.4:no.5,Text,,1925-12-03,
,Cushing,Texas Aggie,v.4:no.16,Text,,1926-06-21,
,Cushing,Texas Aggie,v.4:no.17,Text,,1926-07-18,
,Cushing,Texas Aggie,v.4:no.22,Text,,1926-10-29,2 copies
,Cushing,Texas Aggie,v.4:no.38,Text,,1927-08-15,
,Cushing,Texas Aggie,v.4:no.42,Text,,1927-11-05,
,Cushing,Texas Aggie,v.4:no.43,Text,,1927-12-01,
,Cushing,Texas Aggie,v.4:no.44,Text,,1927-12-15,
,Cushing,Texas Aggie,v.4:no.49,Text,,1928-03-15,
,Cushing,Texas Aggie,v.4:no.55,Text,,1928-08-01,
,Cushing,Texas Aggie,v.4:no.65,Text,,1929-02-15,
,Cushing,Texas Aggie,v.4:no.73,Text,,1929-08-15,
,Cushing,Texas Aggie,v.5:no.6,Text,,1929-11-15,
,Cushing,Texas Aggie,v.6:no.10,Text,,1930-06-04,
,Cushing,Texas Aggie,v.6:no.15,Text,,1930-10-15,
,Cushing,Texas Aggie,v.8:no.9,Text,,1931-06-01,2 copies
,Cushing,Texas Aggie,v.8:no.11,Text,,1931-08-10,
,Cushing,Texas Aggie,v.8:no.12,Text,,1931-09-15,
,Cushing,Texas Aggie,v.8:no.13,Text,,1931-10-01,
,Cushing,Texas Aggie,v.8:no.14,Text,,1931-10-05,
,Cushing,Texas Aggie,v.8:no.15,Text,,1931-11-01,
,Cushing,Texas Aggie,v.8:no.16,Text,,1931-11-15,
,Cushing,Texas Aggie,v.9:no.4,Text,,1932-03-15,
,Cushing,Texas Aggie,v.9:no.6,Text,,1932-04-15,
,Cushing,Texas Aggie,v.9:no.7,Text,,1932-05-01,
,Cushing,Texas Aggie,v.9:no.9,Text,,1932-06-23,
,Cushing,Texas Aggie,v.9:no.10,Text,,1932-08-08,
,Cushing,Texas Aggie,v.9:no.12,Text,,1932-10-01,
,Cushing,Texas Aggie,v.9:no.13,Text,,1932-10-15,
,Cushing,Texas Aggie,v.9:no.14,Text,,1932-11-01,
,Cushing,Texas Aggie,v.9:no.15,Text,,1932-12-01,
,Cushing,Texas Aggie,v.10:no.1,Text,,1933-01-01,
,Cushing,Texas Aggie,v.10:no.2,Text,,1933-02-01,
,Cushing,Texas Aggie,v.10:no.3,Text,,1933-02-15,
,Cushing,Texas Aggie,v.10:no.4,Text,,1933-03-01,
,Cushing,Texas Aggie,v.10:no.6,Text,,1933-04-15,2 copies
,Cushing,Texas Aggie,v.10:no.7,Text,,1933-05-01,
,Cushing,Texas Aggie,v.10:no.8,Text,,1933-05-15,2 copies
,Cushing,Texas Aggie,v.10:no.11,Text,,1933-09-01,
,Cushing,Texas Aggie,v.10:no.14,Text,,1933-10-15,
,Cushing,Texas Aggie,v.10:no.15,Text,,1933-11-01,
,Cushing,Texas Aggie,v.10:no.16,Text,,1933-11-20,
,Cushing,Texas Aggie,v.10:no.17,Text,,1933-12-10,2 copies
,Cushing,Texas Aggie,v.10:no.18,Text,,1934-01-12,2 copies
,Cushing,Texas Aggie,v.10:no.19,Text,,1934-02-01,
,Cushing,Texas Aggie,v.10:no.20,Text,,1934-02-15,
,Cushing,Texas Aggie,v.10:no.21,Text,,1934-03-01,
,Cushing,Texas Aggie,v.10:no.22,Text,,1934-03-15,
,Cushing,Texas Aggie,v.10:no.23,Text,,1934-04-01,
,Cushing,Texas Aggie,v.10:no.24,Text,,1934-04-15,2 copies
,Cushing,Texas Aggie,v.10:no.25,Text,,1934-05-15,3 copies
,Cushing,Texas Aggie,v.10:no.26,Text,,1934-06-01,2 copies
,Cushing,Texas Aggie,v.10:no.27,Text,,1934-07-01,2 copies
,Cushing,Texas Aggie,v.10:no.28,Text,,1934-08-15,2 copies
,Cushing,Texas Aggie,v.10:no.29,Text,,1934-09-01,2 copies
,Cushing,Texas Aggie,v.10:no.30,Text,,1934-10-01,
,Cushing,Texas Aggie,v.10:no.31,Text,,1934-11-01,2 copies
,Cushing,Texas Aggie,v.10:no.32,Text,,1934-11-15,2 copies
,Cushing,Texas Aggie,v.10:no.33,Text,,1934-12-10,2 copies
,Cushing,Texas Aggie,v.10:no.34,Text,,1935-01-15,2 copies
,Cushing,Texas Aggie,v.10:no.35,Text,,1935-02-01,2 copies
,Cushing,Texas Aggie,v.10:no.36,Text,,1935-02-15,2 copies
,Cushing,Texas Aggie,v.10:no.37,Text,,1935-03-01,3 copies (1 missing 2nd sheet?)
,Cushing,Texas Aggie,v.10:no.38,Text,,1935-04-01,2 copies
,Cushing,Texas Aggie,v.10:no.39,Text,,1935-04-15,
,Cushing,Texas Aggie,v.10:no.40,Text,,1935-05-15,
,Cushing,Texas Aggie,v.10:no.41,Text,,1935-06-10,2 copies
,Cushing,Texas Aggie,v.10:no.42,Text,,1935-07-08,
,Cushing,Texas Aggie,v.10:no.43,Text,,1935-08-06,2 copies
,Cushing,Texas Aggie,v.10:no.44,Text,,1935-08-31,
,Cushing,Texas Aggie,v.10:no.45,Text,,1935-10-01,
,Cushing,Texas Aggie,v.10:no.45,Text,,1935-10-15,"2 copies. printed no.45, different date?"
,Cushing,Texas Aggie,v.10:no.46,Text,,1935-11-01,2 copies
,Cushing,Texas Aggie,v.10:no.47,Text,,1935-11-15,2 copies
,Cushing,Texas Aggie,v.10:no.48,Text,,1935-12-01,2 copies
,Cushing,Texas Aggie,v.10:no.49,Text,,1936-01-01,2 copies
,Cushing,Texas Aggie,v.10:no.50,Text,,1936-01-15,2 copies
,Cushing,Texas Aggie,v.10:no.50,Text,,1936-01-15,"printed 49, but marked 50"
,Cushing,Texas Aggie,v.10:no.51,Text,,1936-02-01,2 copies
,Cushing,Texas Aggie,v.10:no.52,Text,,1936-02-15,2 copies
,Cushing,Texas Aggie,v.10:no.53,Text,,1936-03-01,2 copies
,Cushing,Texas Aggie,v.10:no.54,Text,,1936-03-25,
,Cushing,Texas Aggie,v.10:no.55,Text,,1936-04-15,
,Cushing,Texas Aggie,v.10:no.56,Text,,1936-05-15,
,Cushing,Texas Aggie,v.10:no.57,Text,,1936-06-01,2 copies
,Cushing,Texas Aggie,v.10:no.58,Text,,1936-07-01,2 copies
,Cushing,Texas Aggie,v.10:no.59,Text,,1936-08-01,2 copies
,Cushing,Texas Aggie,v.10:no.60,Text,,1936-09-01,2 copies
,Cushing,Texas Aggie,v.10:no.61,Text,,1936-09-15,2 copies
,Cushing,Texas Aggie,v.10:no.62,Text,,1936-10-01,2 copies
,Cushing,Texas Aggie,v.10:no.63,Text,,1936-10-15,
,Cushing,Texas Aggie,v.10:no.64,Text,,1936-11-01,2 copies
,Cushing,Texas Aggie,v.10:no.65,Text,,1936-11-15,2 copies
,Cushing,Texas Aggie,v.10:no.66,Text,,1966-12-01,2 copies
,Cushing,Texas Aggie,v.10:no.67,Text,,1936-12-15,2 copies
,Cushing,Texas Aggie,v.10:no.68,Text,,1937-01-01,
,Cushing,Texas Aggie,v.10:no.69,Text,,1937-01-25,2 copies
,Cushing,Texas Aggie,v.10:no.70,Text,,1937-02-15,2 copies
,Cushing,Texas Aggie,v.10:no.71,Text,,1937-03-01,
,Cushing,Texas Aggie,v.10:no.72,Text,,1937-03-15,2 copies
,Cushing,Texas Aggie,v.10:no.73,Text,,1937-04-01,2 copies
,Cushing,Texas Aggie,v.10:no.74,Text,,1937-04-15,
,Cushing,Texas Aggie,v.10:no.75,Text,,1937-05-01,2 copies
,Cushing,Texas Aggie,v.10:no.76,Text,,1937-05-15,2 copies
,Cushing,Texas Aggie,v.10:no.77,Text,,1937-06-15,2 copies
,Cushing,Texas Aggie,v.10:no.78,Text,,1937-07-01,2 copies
,Cushing,Texas Aggie,v.10:no.79,Text,,1937-08-01,
,Cushing,Texas Aggie,v.10:no.80,Text,,1937-09-01,
,Cushing,Texas Aggie,v.10:no.81,Text,,1937-09-15,
,Cushing,Texas Aggie,v.10:no.82,Text,,1937-10-01,
,Cushing,Texas Aggie,v.10:no.83,Text,,1937-11-01,2 copies
,Cushing,Texas Aggie,v.10:no.84,Text,,1937-11-15,2 copies
,Cushing,Texas Aggie,v.10:no.85,Text,,1937-12-01,
,Cushing,Texas Aggie,v.10:no.85,Text,,1937-12-01,
,Cushing,Texas Aggie,v.10:no.86,Text,,1937-12-15,2 copies. end box 1
,Cushing,Texas Aggie,v.10:no.87,Text,,1938-01-15,start box 2
,Cushing,Texas Aggie,v.11:no.3,Text,,1938-02-01,2 copies
,Cushing,Texas Aggie,v.11:no.4,Text,,1938-02-15,
,Cushing,Texas Aggie,v.11:no.5,Text,,1938-03-01,
,Cushing,Texas Aggie,v.11:no.6,Text,,1938-03-15,
,Cushing,Texas Aggie,v.11:no.7,Text,,1938-04-01,
,Cushing,Texas Aggie,v.11:no.8,Text,,1938-04-15,
,Cushing,Texas Aggie,v.11:no.9,Text,,1938-04-28,2 copies
,Cushing,Texas Aggie,v.11:no.10,Text,,1938-05-12,
,Cushing,Texas Aggie,v.11:no.11,Text,,1938-06-01,
,Cushing,Texas Aggie,v.11:no.11,Text,,1938-07-01,"also no.11, different date"
,Cushing,Texas Aggie,v.11:no.12,Text,,1938-08-01,2 copies
,Cushing,Texas Aggie,v.11:no.13,Text,,1938-09-01,
,Cushing,Texas Aggie,v.11:no.14,Text,,1938-09-15,
,Cushing,Texas Aggie,v.11:no.15,Text,,1938-10-01,
,Cushing,Texas Aggie,v.11:no.16,Text,,1938-10-15,
,Cushing,Texas Aggie,v.11:no.17,Text,,1938-11-01,
,Cushing,Texas Aggie,v.11:no.18,Text,,1938-11-15,
,Cushing,Texas Aggie,v.11:no.18,Text,,1938-12-01,2 copies
,Cushing,Texas Aggie,v.11:no.19,Text,,1938-12-15,2 copies
,Cushing,Texas Aggie,v.11:no.20,Text,,1939-01-20,2 copies
,Cushing,Texas Aggie,v.11:no.21,Text,,1939-02-15,2 copies. 1 printed as no. 22
,Cushing,Texas Aggie,v.11:no.22,Text,,1939-03-01,2 copies
,Cushing,Texas Aggie,v.11:no.23,Text,,1939-03-15,2 copies
,Cushing,Texas Aggie,v.11:no.24,Text,,1939-04-01,
,Cushing,Texas Aggie,v.11:no.25,Text,,1939-04-15,3 copies
,Cushing,Texas Aggie,v.11:no.26,Text,,1939-05-01,
,Cushing,Texas Aggie,v.11:no.27,Text,,1939-05-15,2 copies
,Cushing,Texas Aggie,v.11:no.27,Text,,1939-06-10,"2 copies. printed no. 27, different date."
,Cushing,Texas Aggie,v.11:no.28,Text,,1939-07-01,2 copies
,Cushing,Texas Aggie,v.11:no.29,Text,,1939-08-08,2 copies
,Cushing,Texas Aggie,v.11:no.30,Text,,1939-09-05,2 copies
,Cushing,Texas Aggie,v.11:no.31,Text,,1939-09-22,2 copies
,Cushing,Texas Aggie,v.11:no.32,Text,,1939-10-02,2 copies
,Cushing,Texas Aggie,v.11:no.33,Text,,1939-10-18,2 copies
,Cushing,Texas Aggie,v.11:no.34,Text,,1939-11-01,2 copies
,Cushing,Texas Aggie,v.11:no.35,Text,,1939-11-15,2 copies
,Cushing,Texas Aggie,v.11:no.36,Text,,1939-12-06,6 copies
,Cushing,Texas Aggie,v.11:no.37,Text,,1939-12-18,2 copies
,Cushing,Texas Aggie,v.11:no.1,Text,,1940-01-15,2 copies. starting over with v.11? but next year.
,Cushing,Texas Aggie,v.11:no.2,Text,,1940-02-01,2 copies
,Cushing,Texas Aggie,v.11:no.3,Text,,1940-02-15,3 copies
,Cushing,Texas Aggie,v.11:no.4,Text,,1940-03-01,2 copies
,Cushing,Texas Aggie,v.11:no.5,Text,,1940-03-15,2 copies
,Cushing,Texas Aggie,v.11:no.6,Text,,1940-04-01,2 copies
,Cushing,Texas Aggie,v.11:no.7,Text,,1940-04-15,2 copies
,Cushing,Texas Aggie,v.11:no.8,Text,,1940-05-01,2 copies
,Cushing,Texas Aggie,v.11:no.9,Text,,1940-05-15,2 copies
,Cushing,Texas Aggie,v.11:no.9,Text,,1940-06-10,"4 copies. printed no.9, different date."
,Cushing,Texas Aggie,v.11:no.10,Text,,1940-07-15,3 copies
,Cushing,Texas Aggie,v.11:no.11,Text,,1940-08-15,3 copies
,Cushing,Texas Aggie,v.11:no.13,Text,,1940-10-01,3 copies
,Cushing,Texas Aggie,v.11:no.14,Text,,1940-10-15,3 copies
,Cushing,Texas Aggie,v.11:no.15,Text,,1940-11-01,2 copies
,Cushing,Texas Aggie,v.11:no.1,Text,,1940-11-15,2 copies. starting v.11 over again???
,Cushing,Texas Aggie,v.11:no.2,Text,,1940-12-02,2 copies
,Cushing,Texas Aggie,v.11:no.3,Text,,1940-12-20,2 copies
,Cushing,Texas Aggie,v.12:no.1,Text,,1941-01-15,
,Cushing,Texas Aggie,v.12:no.2,Text,,1941-02-01,
,Cushing,Texas Aggie,v.12:no.3,Text,,1941-02-15,
,Cushing,Texas Aggie,v.12:no.4,Text,,1941-03-01,
,Cushing,Texas Aggie,v.12:no.5,Text,,1941-03-15,
,Cushing,Texas Aggie,v.12:no.6,Text,,1941-03-29,
,Cushing,Texas Aggie,v.12:no.7,Text,,1941-04-17,
,Cushing,Texas Aggie,v.12:no.8,Text,,1941-05-02,3 copies
,Cushing,Texas Aggie,v.12:no.9,Text,,1941-05-16,
,Cushing,Texas Aggie,v.12:no.10,Text,,1941-06-16,
,Cushing,Texas Aggie,v.12:no.11,Text,,1941-07-21,"2 copies. 1 copy is incomplete, p.3/4 only"
,Cushing,Texas Aggie,v.12:no.12,Text,,1941-08-20,2 copies
,Cushing,Texas Aggie,v.12:no.13,Text,,1941-09-15,
,Cushing,Texas Aggie,v.12:no.14,Text,,1941-10-01,
,Cushing,Texas Aggie,v.12:no.15,Text,,1941-10-15,2 copies
,Cushing,Texas Aggie,v.12:no.16,Text,,1941-11-01,
,Cushing,Texas Aggie,v.12:no.17,Text,,1941-11-17,
,Cushing,Texas Aggie,v.12:no.18,Text,,1941-12-05,
,Cushing,Texas Aggie,v.12:no.19,Text,,1942-01-10,
,Cushing,Texas Aggie,v.12:no.20,Text,,1942-01-31,
,Cushing,Texas Aggie,v.12:no.21,Text,,1942-02-20,
,Cushing,Texas Aggie,v.12:no.22,Text,,1942-03-06,
,Cushing,Texas Aggie,v.12:no.23,Text,,1942-03-20,
,Cushing,Texas Aggie,v.12:no.24,Text,,1942-04-02,
,Cushing,Texas Aggie,v.12:no.25,Text,,1942-04-22,
,Cushing,Texas Aggie,v.12:no.26,Text,,1942-05-05,3 copies
,Cushing,Texas Aggie,v.12:no.27,Text,,1942-05-25,
,Cushing,Texas Aggie,v.12:no.28,Text,,1942-06-15,
,Cushing,Texas Aggie,v.12:no.29,Text,,1942-07-09,2 copies
,Cushing,Texas Aggie,v.12:no.30,Text,,1942-08-20,2 copies
,Cushing,Texas Aggie,v.12:no.31,Text,,1942-09-15,2 copies
,Cushing,Texas Aggie,v.12:no.32,Text,,1942-10-05,2 copies
,Cushing,Texas Aggie,v.12:no.33,Text,,1942-10-15,2 copies
,Cushing,Texas Aggie,v.12:no.34,Text,,1942-11-06,2 copies
,Cushing,Texas Aggie,v.12:no.35,Text,,1942-11-20,2 copies
,Cushing,Texas Aggie,v.12:no.36,Text,,1942-12-14,2 copies
,Cushing,Texas Aggie,v.12:no.37,Text,,1943-01-05,4 copies
,Cushing,Texas Aggie,v.12:no.38,Text,,1943-01-18,
,Cushing,Texas Aggie,v.12:no.39,Text,,1943-02-08,
,Cushing,Texas Aggie,v.12:no.40,Text,,1943-02-18,2 copies
,Cushing,Texas Aggie,v.12:no.41,Text,,1943-03-08,2 copies
,Cushing,Texas Aggie,v.12:no.42,Text,,1943-03-19,2 copies
,Cushing,Texas Aggie,v.12:no.43,Text,,1943-04-15,2 copies
,Cushing,Texas Aggie,v.12:no.44,Text,,1943-05-05,
,Cushing,Texas Aggie,v.12:no.45,Text,,1943-05-27,2 copies
,,Texas Aggie,v.12:no.46,Text,,1943-06-01,"need, apprx. date"
,Cushing,Texas Aggie,v.12:no.47,Text,,1943-07-01,3 copies
,Cushing,Texas Aggie,v.12:no.48,Text,,1943-07-15,
,Cushing,Texas Aggie,v.12:no.49,Text,,1943-08-13,
,Cushing,Texas Aggie,v.10:no.50,Text,,1943-09-03,2 copies
,Cushing,Texas Aggie,v.12:no.51,Text,,1943-09-17,2 copies
,Cushing,Texas Aggie,v.12:no.52,Text,,1943-10-02,
,Cushing,Texas Aggie,v.12:no.53,Text,,1943-10-15,
,Cushing,Texas Aggie,v.12:no.54,Text,,1943-11-01,
,,Texas Aggie,v.12:no.55,Text,,1943-11-15,"need, apprx. date"
,Cushing,Texas Aggie,v.12:no.56,Text,,1943-12-01,
,Cushing,Texas Aggie,v.12:no.57,Text,,1943-12-15,
,Cushing,Texas Aggie,v.12:no.58,Text,,1944-01-01,
,Cushing,Texas Aggie,v.12:no.59,Text,,1944-01-20,
,Cushing,Texas Aggie,v.12:no.60,Text,,1944-02-01,
,Cushing,Texas Aggie,v.12:no.61,Text,,1944-02-15,
,Cushing,Texas Aggie,v.12:no.62,Text,,1944-03-02,2 copies
,Cushing,Texas Aggie,v.12:no.63,Text,,1944-03-17,2 copies
,Cushing,Texas Aggie,v.12:no.64,Text,,1944-04-05,
,Cushing,Texas Aggie,v.12:no.65,Text,,1944-04-17,
,Cushing,Texas Aggie,v.12:no.66,Text,,1944-04-28,
,Cushing,Texas Aggie,v.12:no.67,Text,,1944-05-12,
,Cushing,Texas Aggie,v.12:no.68,Text,,1944-06-05,
,Cushing,Texas Aggie,v.12:no.69,Text,,1944-06-17,
,Cushing,Texas Aggie,v.12:no.70,Text,,1944-06-26,2 copies
,Cushing,Texas Aggie,v.12:no.71,Text,,1944-07-10,
,Cushing,Texas Aggie,v.12:no.72,Text,,1944-08-05,2 copies
,Cushing,Texas Aggie,v.12:no.73,Text,,1944-09-04,2 copies
,Cushing,Texas Aggie,v.12:no.74,Text,,1944-09-22,2 copies
,Cushing,Texas Aggie,v.12:no.75,Text,,1944-10-06,2 copies
,Cushing,Texas Aggie,v.12:no.76,Text,,1944-10-23,2 copies
,Cushing,Texas Aggie,v.12:no.77,Text,,1944-11-02,2 copies
,Cushing,Texas Aggie,v.12:no.78,Text,,1944-11-15,2 copies
,Cushing,Texas Aggie,v.12:no.79,Text,,1944-12-04,2 copies
,Cushing,Texas Aggie,v.12:no.80,Text,,1944-12-15,2 copies
,Cushing,Texas Aggie,v.12:no.81,Text,,1944-01-15,
,Cushing,Texas Aggie,v.12:no.82,Text,,1944-02-01,2 copies
,Cushing,Texas Aggie,v.12:no.83,Text,,1944-02-13,
,Cushing,Texas Aggie,v.12:no.84,Text,,1945-03-05,2 copies
,Cushing,Texas Aggie,v.12:no.85,Text,,1945-03-19,2 copies
,Cushing,Texas Aggie,v.12:no.86,Text,,1945-04-02,2 copies
,Cushing,Texas Aggie,v.12:no.87,Text,,1945-04-18,
,Cushing,Texas Aggie,v.12:no.88,Text,,1945-05-07,2 copies
,Cushing,Texas Aggie,v.12:no.89,Text,,1945-05-31,2 copies
,Cushing,Texas Aggie,v.12:no.90,Text,,1945-06-11,2 copies
,Cushing,Texas Aggie,v.12:no.91,Text,,1945-07-02,
,Cushing,Texas Aggie,v.12:no.92,Text,,1945-08-01,
,Cushing,Texas Aggie,v.12:no.93,Text,,1945-09-01,
,Cushing,Texas Aggie,v.12:no.94,Text,,1945-09-10,2 copies
,Cushing,Texas Aggie,v.12:no.95,Text,,1945-10-01,2 copies
,Cushing,Texas Aggie,v.12:no.96,Text,,1945-10-15,2 copies
,Cushing,Texas Aggie,v.12:no.97,Text,,1945-11-01,2 copies
,Cushing,Texas Aggie,v.12:no.98,Text,,1945-11-12,
,Cushing,Texas Aggie,v.12:no.99,Text,,1945-12-01,2 copies
,Cushing,Texas Aggie,v.12:no.100,Text,,1945-12-17,
,Cushing,Texas Aggie,v.13:no.1,Text,,1946-01-15,
,Cushing,Texas Aggie,v.13:no.2,Text,,1946-02-01,
,Cushing,Texas Aggie,v.13:no.3,Text,,1946-02-15,2 copies
,Cushing,Texas Aggie,v.13:no.4,Text,,1946-03-06,2 copies
,Cushing,Texas Aggie,v.13:no.5,Text,,1946-03-15,2 copies
,Cushing,Texas Aggie,v.13:no.6,Text,,1946-04-01,2 copies
,Cushing,Texas Aggie,v.13:no.7,Text,,1946-05-01,2 copies
,Cushing,Texas Aggie,v.13:no.8,Text,,1946-05-15,2 copies
,Cushing,Texas Aggie,v.13:no.9,Text,,1946-06-05,2 copies
,Cushing,Texas Aggie,v.13:no.10,Text,,1946-06-24,2 copies. 1 marked as no. 9 in pencil
,Cushing,Texas Aggie,v.13:no.11,Text,,1946-07-19,2 copies. 1 marked as no. 10 in pencil
,Cushing,Texas Aggie,v.13:no.12,Text,,1946-08-15,marked as no.11 in pencil?
,Cushing,Texas Aggie,v.13:no.12,Text,,1946-09-06,"2 copies. printed as no. 12, different date"
,Cushing,Texas Aggie,v.13:no.13,Text,,1946-09-20,
,Cushing,Texas Aggie,v.13:no.14,Text,,1946-10-01,
,Cushing,Texas Aggie,v.13:no.15,Text,,1946-10-17,
,Cushing,Texas Aggie,v.13:no.16,Text,,1946-11-05,
,Cushing,Texas Aggie,v.13:no.17,Text,,1946-11-22,2 copies
,Cushing,Texas Aggie,v.13:no.18,Text,,1946-12-09,2 copies. end of box 2
,Cushing,Texas Aggie,v.13:no.19,Text,,1947-01-04,2 copies. start box 3.
,Cushing,Texas Aggie,v.13:no.20,Text,,1947-01-25,3 copies
,Cushing,Texas Aggie,v.13:no.21,Text,,1947-02-12,2 copies
,Cushing,Texas Aggie,v.13:no.22,Text,,1947-03-10,
,Cushing,Texas Aggie,v.13:no.23,Text,,1947-04-01,2 copies
,Cushing,Texas Aggie,v.13:no.24,Text,,1947-04-18,3 copies
,Cushing,Texas Aggie,v.13:no.25,Text,,1947-05-09,3 copies
,Cushing,Texas Aggie,v.13:no.26,Text,,1947-05-22,3 copies
,Cushing,Texas Aggie,v.13:no.27,Text,,1947-06-24,3 copies
,Cushing,Texas Aggie,v.13:no.28,Text,,1947-07-15,2 copies
,Cushing,Texas Aggie,v.13:no.29,Text,,1947-08-04,2 copies
,Cushing,Texas Aggie,v.13:no.30,Text,,1947-09-01,2 copies
,Cushing,Texas Aggie,v.13:no.31,Text,,1947-09-15,3 copies
,Cushing,Texas Aggie,v.13:no.32,Text,,1947-10-04,2 copies
,Cushing,Texas Aggie,v.13:no.33,Text,,1947-10-20,2 copies
,Cushing,Texas Aggie,v.13:no.34,Text,,1947-11-03,2 copies
,Cushing,Texas Aggie,v.13:no.35,Text,,1947-11-17,2 copies
,Cushing,Texas Aggie,v.13:no.36,Text,,1947-12-05,2 copies
,Cushing,Texas Aggie,v.13:no.37,Text,,1948-01-03,3 copies
,Cushing,Texas Aggie,v.13:no.38,Text,,1948-01-20,2 copies
,Cushing,Texas Aggie,v.13:no.39,Text,,1948-02-10,
,Cushing,Texas Aggie,v.13:no.40,Text,,1948-02-28,2 copies
,Cushing,Texas Aggie,v.13:no.41,Text,,1948-03-20,
,Cushing,Texas Aggie,v.13:no.42,Text,,1948-04-05,
,Cushing,Texas Aggie,v.13:no.43,Text,,1948-04-22,2 copies
,Cushing,Texas Aggie,v.13:no.44,Text,,1948-05-10,
,Cushing,Texas Aggie,v.13:no.45,Text,,1948-05-20,
,Cushing,Texas Aggie,v.13:no.46,Text,,1948-06-05,2 copies
,Cushing,Texas Aggie,v.13:no.47,Text,,1948-07-05,2 copies
,Cushing,Texas Aggie,v.13:no.48,Text,,1948-08-05,
,Cushing,Texas Aggie,v.13:no.49,Text,,1948-09-01,
,Cushing,Texas Aggie,v.13:no.50,Text,,1948-09-21,
,Cushing,Texas Aggie,v.13:no.51,Text,,1948-10-07,
,Cushing,Texas Aggie,v.13:no.52,Text,,1948-10-20,
,Cushing,Texas Aggie,v.13:no.53,Text,,1948-11-09,
,Cushing,Texas Aggie,v.13:no.54,Text,,1948-11-20,
,Cushing,Texas Aggie,v.13:no.55,Text,,1948-12-15,
,Cushing,Texas Aggie,v.13:no.56,Text,,1949-01-20,
,Cushing,Texas Aggie,v.13:no.57,Text,,1949-02-03,
,Cushing,Texas Aggie,v.14:no.1,Text,,1949-02-21,2 copies
,Cushing,Texas Aggie,v.14:no.2,Text,,1949-03-07,
,Cushing,Texas Aggie,v.14:no.3,Text,,1949-03-25,
,Cushing,Texas Aggie,v.14:no.4,Text,,1949-04-07,
,Cushing,Texas Aggie,v.14:no.5,Text,,1949-04-25,
,Cushing,Texas Aggie,v.14:no.6,Text,,1949-05-10,
,Cushing,Texas Aggie,v.14:no.7,Text,,1949-05-25,2 copies
,Cushing,Texas Aggie,v.14:no.8,Text,,1949-06-20,4 copies
,Cushing,Texas Aggie,v.14:no.9,Text,,1949-07-22,3 copies
,Cushing,Texas Aggie,v.14:no.10,Text,,1949-08-25,2 copies
,Cushing,Texas Aggie,v.14:no.11,Text,,1949-09-10,2 copies
,Cushing,Texas Aggie,v.14:no.12,Text,,1949-09-23,2 copies
,Cushing,Texas Aggie,v.14:no.13,Text,,1949-10-10,2 copies
,Cushing,Texas Aggie,v.14:no14,Text,,1949-10-25,2 copies
,Cushing,Texas Aggie,v.14:no.15,Text,,1949-11-10,2 copies
,Cushing,Texas Aggie,v.14:no.15,Text,,1949-11-23,"2 copies. printed no.15, one marked as no. 16 in pencil."
,Cushing,Texas Aggie,v.14:no.16,Text,,1949-12-13,"3 copies. printed no.16, one marked as no.17 in pencil?"
,Cushing,Texas Aggie,v.15:no.1,Text,,1950-01-14,2 copies
,Cushing,Texas Aggie,v.15:no.2,Text,,1950-01-30,6 copies
,Cushing,Texas Aggie,v.15:no.3,Text,,1950-02-10,2 copies
,Cushing,Texas Aggie,v.15:no.4,Text,,1950-02-25,2 copies
,Cushing,Texas Aggie,v.15:no.5,Text,,1950-03-10,2 copies
,Cushing,Texas Aggie,v.15:no.6,Text,,1950-03-23,2 copies
,Cushing,Texas Aggie,v.15:no.7,Text,,1950-04-06,2 copies
,Cushing,Texas Aggie,v.15:no.8,Text,,1950-04-18,2 copies
,Cushing,Texas Aggie,v.15:no.9,Text,,1950-05-10,6 copies
,Cushing,Texas Aggie,v.15:no.10,Text,,1950-05-25,2 copies
,Cushing,Texas Aggie,v.15:no.11,Text,,1950-06-15,
,Cushing,Texas Aggie,v.15:no.12,Text,,1950-07-15,
,Cushing,Texas Aggie,v.15:no.13,Text,,1950-08-15,2 copies
,Cushing,Texas Aggie,v.15:no.14,Text,,1950-09-11,3 copies
,Cushing,Texas Aggie,v.15:no.15,Text,,1950-09-25,2 copies
,Cushing,Texas Aggie,v.15:no.16,Text,,1950-10-06,2 copies
,Cushing,Texas Aggie,v.15:no.17,Text,,1950-10-28,
,Cushing,Texas Aggie,v.15:no.18,Text,,1950-11-11,2 copies
,Cushing,Texas Aggie,v.15:no.19,Text,,1950-11-23,2 copies
,Cushing,Texas Aggie,v.15:no.20,Text,,1950-12-22,2 copies
,Cushing,Texas Aggie,v.16:no.1,Text,,1951-01-16,2 copies
,Cushing,Texas Aggie,v.16:no.2,Text,,1951-01-30,6 copies
,Cushing,Texas Aggie,v.16:no.3,Text,,1951-02-13,2 copies
,Cushing,Texas Aggie,v.16:no.4,Text,,1951-02-28,2 copies
,Cushing,Texas Aggie,v.16:no.5,Text,,1951-03-14,3 copies
,Cushing,Texas Aggie,v.16:no.6,Text,,1951-03-29,3 copies
,Cushing,Texas Aggie,v.16:no.7,Text,,1951-04-11,2 copies
,Cushing,Texas Aggie,v.16:no.8,Text,,1951-04-30,3 copies
,Cushing,Texas Aggie,v.16:no.9,Text,,1951-05-16,2 copies
,Cushing,Texas Aggie,v.16:no.10,Text,,1951-05-30,2 copies
,Cushing,Texas Aggie,v.16:no.11,Text,,1951-06-01,2 copies
,Cushing,Texas Aggie,v.16:no.12,Text,,1951-07-09,2 copies
,Cushing,Texas Aggie,v.16:no.13,Text,,1951-08-17,3 copies
,Cushing,Texas Aggie,v.16:no.14,Text,,1951-09-07,2 copies
,Cushing,Texas Aggie,v.16:no.15,Text,,1951-09-21,2 copies
,Cushing,Texas Aggie,v.16:no.16,Text,,1951-10-05,2 copies
,Cushing,Texas Aggie,v.16:no.17,Text,,1951-10-23,2 copies
,Cushing,Texas Aggie,v.16:no.18,Text,,1951-11-07,2 copies
,Cushing,Texas Aggie,v.16:no.19,Text,,1951-11-21,3 copies
,Cushing,Texas Aggie,v.16:no.20,Text,,1951-12-01,"3 copies. month only, small booklets."
,Cushing,Texas Aggie,v.17:no.1,Text,,1952-01-18,3 copies
,Cushing,Texas Aggie,v.17:no.2,Text,,1952-01-29,2 copies
,Cushing,Texas Aggie,v.17:no.3,Text,,1952-02-15,4 copies
,Cushing,Texas Aggie,v.17:no.4,Text,,1952-02-27,3 copies
,Cushing,Texas Aggie,v.17:no.5,Text,,1952-03-14,2 copies
,Cushing,Texas Aggie,v.17:no.6,Text,,1952-03-27,3 copies
,Cushing,Texas Aggie,v.17:no.7,Text,,1952-04-10,3 copies
,Cushing,Texas Aggie,v.17:no.8,Text,,1952-04-24,2 copies
,Cushing,Texas Aggie,v.17:no.9,Text,,1952-05-15,2 copies
,Cushing,Texas Aggie,v.17:no.10,Text,,1952-05-31,2 copies
,Cushing,Texas Aggie,v.17:no.11,Text,,1952-06-27,2 copies
,Cushing,Texas Aggie,v.17:no.12,Text,,1952-07-18,2 copies
,Cushing,Texas Aggie,v.17:no.13,Text,,1952-08-20,2 copies
,Cushing,Texas Aggie,v.17:no.14,Text,,1952-09-10,2 copies
,Cushing,Texas Aggie,v.17:no.15,Text,,1952-10,"2 copies. month only, small booklets"
,Cushing,Texas Aggie,v.17:no.16,Text,,1952-11,"2 copies. month only, small booklets"
,Cushing,Texas Aggie,v.17:no.17,Text,,1952-12,"3 copies, 1 copy only p.9-10. small booklets, month only. end of box 3."
,Cushing,Texas Aggie,v.18:no.1,Text,,1953-01,"2 copies. 2 copies. Month only, smaller news sheets. start box 4"
,Cushing,Texas Aggie,v.18:no.2,Text,,1953-02,2 copies
,Cushing,Texas Aggie,v.18:no.3,Text,,1953-03,2 copies
,Cushing,Texas Aggie,v.18:no.4,Text,,1953-04,2 copies
,Cushing,Texas Aggie,v.18:no.5,Text,,1953-05,2 copies
,Cushing,Texas Aggie,v.18:no.6,Text,,1953-06,2 copies
,Cushing,Texas Aggie,v.18:no.7,Text,,1953-07,3 copies
,Cushing,Texas Aggie,v.18:no.8,Text,,1953-08,2 copies
,Cushing,Texas Aggie,v.18:no.9,Text,,1953-09,2 copies
,Cushing,Texas Aggie,v.18:no.10,Text,,1953-10,2 copies
,Cushing,Texas Aggie,v.18:no.11,Text,,1953-11,2 copies
,Cushing,Texas Aggie,v.18:no.12,Text,,1953-12,2 copies
,Cushing,Texas Aggie,v.19:no.1,Text,,1954-02,2 copies. Printed v.XVIV - marked out in pencil and corrected to v.XIX. No January issue.
,Cushing,Texas Aggie,v.19:no.2,Text,,1954-03,2 copies
,Cushing,Texas Aggie,v.19:no.3,Text,,1954-04,"3 copies, 1 copy missing p.9-12"
,Cushing,Texas Aggie,v.19:no.4,Text,,1954-05,2 copies
,Cushing,Texas Aggie,v.19:no.5,Text,,1954-06,2 copies
,Cushing,Texas Aggie,v.19:no.6,Text,,1954-07,2 copies
,Cushing,Texas Aggie,v.19:no.7,Text,,1954-08,need? not sure if this issue exists
,Cushing,Texas Aggie,v.19:no.8,Text,,1954-09,2 copies
,Cushing,Texas Aggie,v.19:no.9,Text,,1954-10,"2 copies. printed no.6, 1 copy corrected with pen as no.9"
,Cushing,Texas Aggie,v.19:no.10,Text,,1954-11,"3 copies, 1 copy missing p.9-12. printed as no.7, 1 copy corrected as no. 10"
,Cushing,Texas Aggie,v.19:no.11,Text,,1954-12,"4 copies. printed as no.8, 1 copy corrected as no. 11. 1 copy has large chunks cut out."
,Cushing,Texas Aggie,v.20:no.1,Text,,1955-01,3 copies
,Cushing,Texas Aggie,v.20:no.2,Text,,1955-02,3 copies
,Cushing,Texas Aggie,v.20:no.3,Text,,1955-03,4 copies
,Cushing,Texas Aggie,v.20:no.4,Text,,1955-04,3 copies
,Cushing,Texas Aggie,v.20:no.5,Text,,1955-05,3 copies
,Cushing,Texas Aggie,v.20:no.6,Text,,1955-06,2 copies
,Cushing,Texas Aggie,v.20:no.7,Text,,1955-07,2 copies
,Cushing,Texas Aggie,v.20:no.8,Text,,1955-08,2 copies
,Cushing,Texas Aggie,v.20:no.9,Text,,1955-09,2 copies
,Cushing,Texas Aggie,v.20:no.10,Text,,1955-10,2 copies
,Cushing,Texas Aggie,v.20:no.11,Text,,1955-11,2 copies
,Cushing,Texas Aggie,v.20:no.12,Text,,1955-12,2 copies
,Cushing,Texas Aggie,v.36:no.1,Text,,1956-01,"2 copies, 1 copy missing p.9-12. Note on front page explaining the jump from v.20 to v. 36 to show that it is the 36th year of publication. So there are no volumes 21-35."
,Cushing,Texas Aggie,v.36:no.2,Text,,1956-02,2 copies
,Cushing,Texas Aggie,v.36:no.3,Text,,1956-03,2 copies
,Cushing,Texas Aggie,v.36:no.4,Text,,1956-04,2 copies
,Cushing,Texas Aggie,v.36:no.5,Text,,1956-05,2 copies
,Cushing,Texas Aggie,v.36:no.6,Text,,1956-06,3 copies
,Cushing,Texas Aggie,v.36:no.7,Text,,1956-07,2 copies
,Cushing,Texas Aggie,v.36:no.8,Text,,1956-08,2 copies
,Cushing,Texas Aggie,v.36:no.9,Text,,1956-09,2 copies
,Cushing,Texas Aggie,v.36:no.10,Text,,1956-10,2 copies
,Cushing,Texas Aggie,v.36:no.11,Text,,1956-11,2 copies
,Cushing,Texas Aggie,v.36:no.12,Text,,1956-12,2 copies
,Cushing,Texas Aggie,v.37:no.1,Text,,1957-01,2 copies
,Cushing,Texas Aggie,v.37:no.2,Text,,1957-02,2 copies
,Cushing,Texas Aggie,v.37:no.3,Text,,1957-03,2 copies
,Cushing,Texas Aggie,v.37:no.4,Text,,1957-04,2 copies
,Cushing,Texas Aggie,v.37:no.5,Text,,1957-05,2 copies
,Cushing,Texas Aggie,v.37:no.6,Text,,1957-06,2 copies
,Cushing,Texas Aggie,v.37:no.7,Text,,1957-07,2 copies
,Cushing,Texas Aggie,v.37:no.8,Text,,1957-08,4 copies
,Cushing,Texas Aggie,v.37:no.9,Text,,1957-09,2 copies
,Cushing,Texas Aggie,v.37:no.10,Text,,1957-10,2 copies
,Cushing,Texas Aggie,v.37:no.11,Text,,1957-11,2 copies
,Cushing,Texas Aggie,v.37:no.12,Text,,1957-12,2 copies
,Cushing,Texas Aggie,v.38:no.9 / v.40,Text,,09/1958-12/1960,"Bound copy, contains v.38:no.9 - v.40:no.12"
,Cushing,Texas Aggie,v.38:no.1,Text,,1958-01,2 copies
,Cushing,Texas Aggie,v.38:no.2,Text,,1958-02,2 copies
,Cushing,Texas Aggie,v.38:no.3,Text,,1958-03,
,Cushing,Texas Aggie,v.38:no.4,Text,,1958-04,2 copies
,Cushing,Texas Aggie,v.38:no.5,Text,,1958-05,
,Cushing,Texas Aggie,v.38:no.6,Text,,1958-06,
,Cushing,Texas Aggie,v.38:no.7,Text,,1958-07,
,Cushing,Texas Aggie,v.38:no.8,Text,,1958-08,
,Cushing,Texas Aggie,v.38:no.9,Text,,1958-09,
,Cushing,Texas Aggie,v.38:no.10,Text,,1958-10,
,Cushing,Texas Aggie,v.38:no.11,Text,,1958-11,
,Cushing,Texas Aggie,v.38:no.12,Text,,1958-12,2 copies
,Cushing,Texas Aggie,v.39:no.1,Text,,1959-01,
,Cushing,Texas Aggie,v.39:no.2,Text,,1959-02,
,Cushing,Texas Aggie,v.39:no.3,Text,,1959-03,
,Cushing,Texas Aggie,v.39:no.4,Text,,1959-04,
,Cushing,Texas Aggie,v.39:no.5,Text,,1959-05,
,Cushing,Texas Aggie,v.39:no.6,Text,,1959-06,
,Cushing,Texas Aggie,v.39:no.7,Text,,1959-07,
,Cushing,Texas Aggie,v.39:no.8,Text,,1959-08,
,Cushing,Texas Aggie,v.39:no.9,Text,,1959-09,"1 full copy, plus extra section 2 (p.9-12)"
,Cushing,Texas Aggie,v.39:no.10,Text,,1959-10,
,Cushing,Texas Aggie,v.39:no.11,Text,,1959-11,
,Cushing,Texas Aggie,v.39:no.12,Text,,1959-12,end of box 4
,Cushing,Texas Aggie,v.40,Text,,1960,"Bound copy, contains no.1-12"
,Cushing,Texas Aggie,v.40:no.1,Text,,1960-01,start box 5.
,Cushing,Texas Aggie,v.40:no.2,Text,,1960-02,
,Cushing,Texas Aggie,v.40:no.3,Text,,1960-03,
,Cushing,Texas Aggie,v.40:no.4,Text,,1960-04,
,Cushing,Texas Aggie,v.40:no.5,Text,,1960-05,
,Cushing,Texas Aggie,v.40:no.6,Text,,1960-06,
,Cushing,Texas Aggie,v.40:no.7,Text,,1960-07,
,Cushing,Texas Aggie,v.40:no.8,Text,,1960-08,
,Cushing,Texas Aggie,v.40:no.9,Text,,1960-09,
,Cushing,Texas Aggie,v.40:no.10,Text,,1960-10,
,Cushing,Texas Aggie,v.40:no.11,Text,,1960-11,
,Cushing,Texas Aggie,v.40:no.12,Text,,1960-12,
,Cushing,Texas Aggie,v.41,Text,,1961,"Bound copy, contains no.1-12"
,Cushing,Texas Aggie,v.41:no.1,Text,,1961-01,2 copies
,Cushing,Texas Aggie,v.41:no.2,Text,,1961-02,"1 full copy, plus extra section 2 (p.9-10)"
,Cushing,Texas Aggie,v.41:no.3,Text,,1961-03,2 copies
,Cushing,Texas Aggie,v.41:no.4,Text,,1961-04,4 copies
,Cushing,Texas Aggie,v.41:no.5,Text,,1961-05,"2 full copies, 1 copy missing chunks of first pages and entire pages 3-8"
,Cushing,Texas Aggie,v.41:no.6,Text,,1961-06,"1 full copy, 1 copy missing section 2, p.9-12"
,Cushing,Texas Aggie,v.41:no.7,Text,,1961-07,"1 full copy, plus 2 extra section 2 (p.9-10)"
,Cushing,Texas Aggie,v.41:no.8,Text,,1961-08,
,Cushing,Texas Aggie,v.41:no.9,Text,,1961-09,
,Cushing,Texas Aggie,v.41:no.10,Text,,1961-10,"3 copies, plus 1 extra section 3 (p.13-14)"
,Cushing,Texas Aggie,v.41:no.11,Text,,1961-11,3 copies
,Cushing,Texas Aggie,v.41:no.12,Text,,1961-12,5 copies
,Cushing,Texas Aggie,v.42,Text,,1962,"Bound copy, contains no.1-12"
,Cushing,Texas Aggie,v.42:no.1,Text,,1962-01,4 copies
,Cushing,Texas Aggie,v.42:no.2,Text,,1962-02,3 copies
,Cushing,Texas Aggie,v.42:no.3,Text,,1962-03,4 copies
,Cushing,Texas Aggie,v.42:no.4,Text,,1962-04,4 copies
,Cushing,Texas Aggie,v.42:no.5,Text,,1962-05,5 copies. 1 copy missing part of front page
,Cushing,Texas Aggie,v.42:no.6,Text,,1962-06,3 copies
,Cushing,Texas Aggie,v.42:no.7,Text,,1962-07,3 copies
,Cushing,Texas Aggie,v.42:no.8,Text,,1962-08,3 copies
,Cushing,Texas Aggie,v.42:no.9,Text,,1962-09,3 copies
,Cushing,Texas Aggie,v.42:no.10,Text,,1962-10,3 copies
,Cushing,Texas Aggie,v.42:no.11,Text,,1962-11,3 copies
,Cushing,Texas Aggie,v.42:no.12,Text,,1962-12,4 copies
,Cushing,Texas Aggie,v.43,Text,,1963,"Bound copy, contains no.1-12"
,Cushing,Texas Aggie,v.43:no.1,Text,,1963-01,6 copies
,Cushing,Texas Aggie,v.43:no.2,Text,,1963-02,3 copies
,Cushing,Texas Aggie,v.43:no.3,Text,,1963-03,3 copies
,Cushing,Texas Aggie,v.43:no.4,Text,,1963-04,2 copies
,Cushing,Texas Aggie,v.43:no.5,Text,,1963-05,"4 full copies, 1 copy missing section 2, p.9-16"
,Cushing,Texas Aggie,v.43:no.6,Text,,1963-06,3 copies
,Cushing,Texas Aggie,v.43:no.7,Text,,1963-07,6 copies
,Cushing,Texas Aggie,v.43:no.8,Text,,1963-08,4 copies
,Cushing,Texas Aggie,v.43:no.9,Text,,1963-09,
,Cushing,Texas Aggie,v.43:no.10,Text,,1963-10,3 copies
,Cushing,Texas Aggie,v.43:no.11,Text,,1963-11,4 copies
,Cushing,Texas Aggie,v.43:no.12,Text,,1963-12,3 copies
,Cushing,Texas Aggie,v.44,Text,,1964,"Bound copy, contains no.1, 3-12"
,Cushing,Texas Aggie,v.44:no.1,Text,,1964-01,4 copies
,Cushing,Texas Aggie,v.44:no.2,Text,,1964-02,3 copies
,Cushing,Texas Aggie,v.44:no.3,Text,,1964-03,4 copies
,Cushing,Texas Aggie,v.44:no.4,Text,,1964-04,6 copies
,Cushing,Texas Aggie,v.44:no.5,Text,,1964-05,4 copies
,Cushing,Texas Aggie,v.44:no.6,Text,,1964-06,4 copies
,Cushing,Texas Aggie,v.44:no.7,Text,,1964-07,3 copies
,Cushing,Texas Aggie,v.44:no.8,Text,,1964-08,2 copies
,Cushing,Texas Aggie,v.44:no.9,Text,,1964-09,need? have in bound copy
,Cushing,Texas Aggie,v.44:no.10,Text,,1964-10,need? have in bound copy
,Cushing,Texas Aggie,v.44:no.11,Text,,1964-11,2 copies
,Cushing,Texas Aggie,v.44:no.12,Text,,1964-12,"3 copies, end box 5"
,Cushing,Texas Aggie,v.45,Text,,1965,"Bound copy, contains no.1-12 (switch to magazine style, no.2)"
,Cushing,Texas Aggie,v.45:no.1,Text,,1965-01,need? have in bound copy
,Cushing,Texas Aggie,v.45:no.2,Text,,1965-02,need? have in bound copy
,Cushing,Texas Aggie,v.45:no.3,Text,,1965-03,need? have in bound copy
,Cushing,Texas Aggie,v.45:no.4,Text,,1965-04,need? have in bound copy
,Cushing,Texas Aggie,v.45:no.5,Text,,1965-05,need? have in bound copy
,Cushing,Texas Aggie,v.45:no.6,Text,,1965-06,need? have in bound copy
,Cushing,Texas Aggie,v.45:no.7,Text,,1965-07,need? have in bound copy
,Cushing,Texas Aggie,v.45:no.8,Text,,1965-08,need? have in bound copy
,Cushing,Texas Aggie,v.45:no.9,Text,,1965-09,need? have in bound copy
,Cushing,Texas Aggie,v.45:no.10,Text,,1965-10,donation
,Cushing,Texas Aggie,v.45:no.11,Text,,,need? have in bound copy
,Cushing,Texas Aggie,v.45:no.12,Text,,1954-09,need? have in bound copy
,Cushing,Texas Aggie,v.46:no.3-12,Text,,1966,"Bound copy, contains no.3-12"
,Cushing,Texas Aggie,v.46:no.1,Text,,1966-01,need. AFS has copy?
,Cushing,Texas Aggie,v.46:no.2,Text,,1966-02,need. AFS has copy?
,Cushing,Texas Aggie,v.46:no.3,Text,,1966-03,
,Cushing,Texas Aggie,v.46:no.4,Text,,1966-04,
,Cushing,Texas Aggie,v.46:no.5,Text,,1966-05,need? have in bound copy
,Cushing,Texas Aggie,v.46:no.6,Text,,1966-06,
,Cushing,Texas Aggie,v.46:no.7,Text,,1966-07,2 copies
,Cushing,Texas Aggie,v.46:no.8,Text,,1966-08,
,Cushing,Texas Aggie,v.46:no.9,Text,,1966-09,
,Cushing,Texas Aggie,v.46:no.10,Text,,1966-10,
,Cushing,Texas Aggie,v.46:no.11,Text,,1966-11,
,Cushing,Texas Aggie,v.46:no.12,Text,,1966-12,
,Cushing,Texas Aggie,v.48,Text,,1967,"Bound copy, contains no.1-10 (2/3 combined in one issue. none in June/Aug.)"
,Cushing,Texas Aggie,v.48:no.1,Text,,1967-01,skipped v.47? v.48 is next year after v.46/1966
,Cushing,Texas Aggie,v.48:no.2/3,Text,,1967-02,Feb./March combined in one issue
,Cushing,Texas Aggie,v.48:no.4,Text,,1967-04,
,Cushing,Texas Aggie,v.48:no.5,Text,,1967-05,
,Cushing,Texas Aggie,v.48:no.6,Text,,1967-07,
,Cushing,Texas Aggie,v.48:no.7,Text,,1967-09,
,Cushing,Texas Aggie,v.48:no.8,Text,,1967-10,
,Cushing,Texas Aggie,v.48:no.9,Text,,1967-11,
,Cushing,Texas Aggie,v.48:no.10,Text,,1967-12,
,Cushing,Texas Aggie,v.49,Text,,1968,"Bound copy, contains no.1-9 (none in Feb./June/Aug.)"
,Cushing,Texas Aggie,v.49:no.1,Text,,1968-01,
,Cushing,Texas Aggie,v.49:no.2,Text,,1968-03,
,Cushing,Texas Aggie,v.49:no.3,Text,,1968-04,need? have in bound copy
,Cushing,Texas Aggie,v.49:no.4,Text,,1968-05,need? have in bound copy
,Cushing,Texas Aggie,v.49:no.5,Text,,1968-07,
,Cushing,Texas Aggie,v.49:no.6,Text,,1968-09,
,Cushing,Texas Aggie,v.49:no.7,Text,,1968-10,
,Cushing,Texas Aggie,v.49:no.8,Text,,1968-11,
,Cushing,Texas Aggie,v.49:no.9,Text,,1968-12,
,Cushing,Texas Aggie,v.50,Text,,1969,"Bound copy, contains no.1-10 (none in June/Aug.)"
,Cushing,Texas Aggie,v.50:no.1,Text,,1969-01,
,Cushing,Texas Aggie,v.50:no.2,Text,,1969-02,
,Cushing,Texas Aggie,v.50:no.3,Text,,1969-03,
,Cushing,Texas Aggie,v.50:no.4,Text,,1969-04,
,Cushing,Texas Aggie,v.50:no.5,Text,,1969-05,
,Cushing,Texas Aggie,v.50:no.6,Text,,1969-07,
,Cushing,Texas Aggie,v.50:no.7,Text,,1969-09,
,Cushing,Texas Aggie,v.50:no.8,Text,,1969-10,need? have in bound copy
,Cushing,Texas Aggie,v.50:no.9,Text,,1969-11,
,Cushing,Texas Aggie,v.50:no.10,Text,,1969-12,
,Cushing,Texas Aggie,v.51,Text,,1970,"Bound copy, contains no.1-10"
,Cushing,Texas Aggie,v.51:no.1,Text,,1970-01,
,Cushing,Texas Aggie,v.51:no.2,Text,,1970-02,
,Cushing,Texas Aggie,v.51:no.3,Text,,1970-03,
,Cushing,Texas Aggie,v.51:no.4,Text,,1970-04,need? have in bound copy
,Cushing,Texas Aggie,v.51:no.5,Text,,1970-05,
,Cushing,Texas Aggie,v.51:no.6,Text,,1970-07,
,Cushing,Texas Aggie,v.51:no.7,Text,,1970-09,
,Cushing,Texas Aggie,v.51:no.8,Text,,1970-10,
,Cushing,Texas Aggie,v.51:no.9,Text,,1970-11,
,Cushing,Texas Aggie,v.51:no.10,Text,,1970-12,
,Cushing,Texas Aggie,v.52,Text,,1971,"Bound copy, contains no.1-9 (Nov./Dec. combined)"
,Cushing,Texas Aggie,v.52:no.1,Text,,1971-01,
,Cushing,Texas Aggie,v.52:no.2,Text,,1971-02,
,Cushing,Texas Aggie,v.52:no.3,Text,,1971-03,
,Cushing,Texas Aggie,v.52:no.4,Text,,1971-04,
,Cushing,Texas Aggie,v.52:no.5,Text,,1971-05,
,Cushing,Texas Aggie,v.52:no.6,Text,,1971-07,
,Cushing,Texas Aggie,v.52:no.7,Text,,1971-09,
,Cushing,Texas Aggie,v.52:no.8,Text,,1971-10,
,Cushing,Texas Aggie,v.52:no.9/10,Text,,1971-11/12,need? have in bound copy
,Cushing,Texas Aggie,v.53,Text,,1972,"Bound copy, contains no.1-10"
,Cushing,Texas Aggie,v.53:no.1,Text,,1972-01,
,Cushing,Texas Aggie,v.53:no.2,Text,,1972-02,2 copies
,Cushing,Texas Aggie,v.53:no.3,Text,,1972-03,
,Cushing,Texas Aggie,v.53:no.4,Text,,1972-04,
,Cushing,Texas Aggie,v.53:no.5,Text,,1972-05,2 copies
,Cushing,Texas Aggie,v.53:no.6,Text,,1972-07,
,Cushing,Texas Aggie,v.53:no.7,Text,,1972-09,2 copies
,Cushing,Texas Aggie,v.53:no.8,Text,,1972-10,2 copies
,Cushing,Texas Aggie,v.53:no.9,Text,,1972-11,
,Cushing,Texas Aggie,v.53:no.10,Text,,1972-12,
,Cushing,Texas Aggie,v.54,Text,,1973,"Bound copy, contains no.1-10"
,Cushing,Texas Aggie,v.54:no.1,Text,,1973-01,
,Cushing,Texas Aggie,v.54:no.2,Text,,1973-02,
,Cushing,Texas Aggie,v.54:no.3,Text,,1973-03,3 copies
,Cushing,Texas Aggie,v.54:no.4,Text,,1973-04,2 copies
,Cushing,Texas Aggie,v.54:no.5,Text,,1973-05,
,Cushing,Texas Aggie,v.54:no.6,Text,,1973-07,2 copies
,Cushing,Texas Aggie,v.54:no.7,Text,,1973-09,
,Cushing,Texas Aggie,v.54:no.8,Text,,1973-10,
,Cushing,Texas Aggie,v.54:no.9,Text,,1973-11,
,Cushing,Texas Aggie,v.54:no.10,Text,,1973-12,
,Cushing,Texas Aggie,v.55,Text,,1974,"Bound copy, contains no.1-10"
,Cushing,Texas Aggie,v.55:no.1,Text,,1974-01,
,Cushing,Texas Aggie,v.55:no.2,Text,,1974-02,2 copies
,Cushing,Texas Aggie,v.55:no.3,Text,,1974-03,need? have in bound copy
,Cushing,Texas Aggie,v.55:no.4,Text,,1974-04,2 copies
,Cushing,Texas Aggie,v.55:no.5,Text,,1974-05,2 copies
,Cushing,Texas Aggie,v.55:no.6,Text,,1974-08,need? have in bound copy
,Cushing,Texas Aggie,v.55:no.7,Text,,1974-09,2 copies
,Cushing,Texas Aggie,v.55:no.8,Text,,1974-10,3 copies
,Cushing,Texas Aggie,v.55:no.9,Text,,1974-11,2 copies
,Cushing,Texas Aggie,v.55:no.10,Text,,1974-12,3 copies
,Cushing,Texas Aggie,v.56,Text,,1975,"Bound copy, contains no.1-8 (starting this year published 8 times, Feb./March/Apr./June/Aug./Oct./Nov./Dec."
,Cushing,Texas Aggie,v.56:no.1,Text,,1975-01,need? have in bound copy
,Cushing,Texas Aggie,v.56:no.2,Text,,1975-03,
,Cushing,Texas Aggie,v.56:no.3,Text,,1975-04,
,Cushing,Texas Aggie,v.56:no.4,Text,,1975-06,
,Cushing,Texas Aggie,v.56:no.5,Text,,1975-08,need? have in bound copy
,Cushing,Texas Aggie,v.56:no.6,Text,,1975-10,
,Cushing,Texas Aggie,v.56:no.7,Text,,1975-11,"Centennial Issue, 2 copies (1 in four-flap)"
Q14800010816,Qatar,Texas Aggie,v.56:no.7,Text,,1975-11,Qatar
,Cushing,Texas Aggie,v.56:no.8,Text,,1975-12,
,Cushing,Texas Aggie,v.57,Text,,1976,"Bound copy, contains no.1-8 (starting this year published 8 times, Feb./Mar./May/July/Sept./Oct./Nov./Dec."
,Cushing,Texas Aggie,v.57:no.1,Text,,1976-02,
,Cushing,Texas Aggie,v.57:no.2,Text,,1976-03,
,Cushing,Texas Aggie,v.57:no.3,Text,,1976-05,
,Cushing,Texas Aggie,v.57:no.4,Text,,1976-07,
,Cushing,Texas Aggie,v.57:no.5,Text,,1976-09,
,Cushing,Texas Aggie,v.57:no.6,Text,,1976-10,
,Cushing,Texas Aggie,v.57:no.7,Text,,1976-11,2 copies
,Cushing,Texas Aggie,v.57:no.8,Text,,1976-12,
,Cushing,Texas Aggie,v.58,Text,,1977,"Bound copy, contains no.1-8"
,Cushing,Texas Aggie,v.58:no.1,Text,,1977-02,
,Cushing,Texas Aggie,v.58:no.2,Text,,1977-03,
,Cushing,Texas Aggie,v.58:no.3,Text,,1977-05,need? have in bound copy
,Cushing,Texas Aggie,v.58:no.4,Text,,1977-07,need? have in bound copy
,Cushing,Texas Aggie,v.58:no.5,Text,,1977-09,need? have in bound copy
,Cushing,Texas Aggie,v.58:no.6,Text,,1977-10,need? have in bound copy
,Cushing,Texas Aggie,v.58:no.7,Text,,1977-11,need? have in bound copy
,Cushing,Texas Aggie,v.58:no.8,Text,,1977-12,need? have in bound copy
,Cushing,Texas Aggie,v.59,Text,,1978,"Bound copy, contains no.1-8"
,Cushing,Texas Aggie,v.59:no.1,Text,,1978-02,need? have in bound copy
,Cushing,Texas Aggie,v.59:no.2,Text,,1978-03,need? have in bound copy
,Cushing,Texas Aggie,v.59:no.3,Text,,1978-05,need? have in bound copy
,Cushing,Texas Aggie,v.59:no.4,Text,,1978-07,need? have in bound copy
,Cushing,Texas Aggie,v.59:no.5,Text,,1978-09,need? have in bound copy
A1485297971K,Cushing Dykes,Texas Aggie,v.59:no.5,Text,,1978-09,In 305 stacks
,Cushing,Texas Aggie,v.59:no.6,Text,,1978-10,need? have in bound copy
,Cushing,Texas Aggie,v.59:no.7,Text,,1978-11,need? have in bound copy
,Cushing,Texas Aggie,v.59:no.8,Text,,1978-12,need? have in bound copy
,Cushing,Texas Aggie,v.60,Text,,1979,"Bound copy, contains no.1-8"
,Cushing,Texas Aggie,v.60:no1,Text,,1979-02,need? have in bound copy
,Cushing,Texas Aggie,v.60:no.2,Text,,1979-03,
,Cushing,Texas Aggie,v.60:no.3,Text,,1979-05,
,Cushing,Texas Aggie,v.60:no.4,Text,,1979-07,
,Cushing,Texas Aggie,v.60:no.5,Text,,1979-09,need? have in bound copy
,Cushing,Texas Aggie,v.60:no.6,Text,,1979-10,
,Cushing,Texas Aggie,v.60:no.7,Text,,1979-11,need? have in bound copy
,Cushing,Texas Aggie,v.60:no.8,Text,,1979-12,need? have in bound copy
,Cushing,Texas Aggie,v.61,Text,,1980,"Bound copy, contains no.1-8"
,Cushing,Texas Aggie,v.61:no.1,Text,,1980-02,need? have in bound copy
,Cushing,Texas Aggie,v.61:no.2,Text,,1980-03,need? have in bound copy
,Cushing,Texas Aggie,v.61:no.3,Text,,1980-05,need? have in bound copy
,Cushing,Texas Aggie,v.61:no.4,Text,,1980-07,need? have in bound copy
,Cushing,Texas Aggie,v.61:no.5,Text,,1980-09,need? have in bound copy
,Cushing,Texas Aggie,v.61:no.6,Text,,1980-10,need? have in bound copy
,Cushing,Texas Aggie,v.61:no.7,Text,,1980-11,need? have in bound copy
,Cushing,Texas Aggie,v.61:no.8,Text,,1980-12,need? have in bound copy
,Cushing,Texas Aggie,v.62,Text,,1981,"Bound copy, contains no.1-8"
,Cushing,Texas Aggie,v.62:no.1,Text,,1981-02,need? have in bound copy
,Cushing,Texas Aggie,v.62:no.2,Text,,1981-03,
,Cushing,Texas Aggie,v.62:no.3,Text,,1981-05,need? have in bound copy
,Cushing,Texas Aggie,v.62:no.4,Text,,1981-07,
,Cushing,Texas Aggie,v.62:no.5,Text,,1981-09,need? have in bound copy
,Cushing,Texas Aggie,v.62:no.6,Text,,1981-10,need? have in bound copy
,Cushing,Texas Aggie,v.62:no.7,Text,,1981-11,need? have in bound copy
,Cushing,Texas Aggie,v.62:no.8,Text,,1981-12,need? have in bound copy
,Cushing,Texas Aggie,v.63,Text,,182,"Bound copy, contains no.1-8"
,Cushing,Texas Aggie,v.63:no.1,Text,,1982-02,need? have in bound copy
,Cushing,Texas Aggie,v.63:no.2,Text,,1982-03,
,Cushing,Texas Aggie,v.63:no.3,Text,,1982-05,
,Cushing,Texas Aggie,v.63:no.4,Text,,1982-07,
,Cushing,Texas Aggie,v.63:no.5,Text,,1982-09,need? have in bound copy
,Cushing,Texas Aggie,v.63:no.6,Text,,1982-10,need? have in bound copy
,Cushing,Texas Aggie,v.63:no.7,Text,,1982-11,need? have in bound copy
,Cushing,Texas Aggie,v.63:no.8,Text,,1982-12,need? have in bound copy
,Cushing,Texas Aggie,v.64,Text,,1983,"Bound copy, contains no.1-8"
,Cushing,Texas Aggie,v.64:no.1,Text,,1983-02,need? have in bound copy
,Cushing,Texas Aggie,v.64:no.2,Text,,1983-03,
,Cushing,Texas Aggie,v.64:no.3,Text,,1983-05,need? have in bound copy
,Cushing,Texas Aggie,v.64:no.4,Text,,1983-07,need? have in bound copy
,Cushing,Texas Aggie,v.64:no.5,Text,,1983-09,need? have in bound copy
,Cushing,Texas Aggie,v.64:no.6,Text,,1983-10,need? have in bound copy
,Cushing,Texas Aggie,v.64:no.7,Text,,1983-11,need? have in bound copy
,Cushing,Texas Aggie,v.64:no.8,Text,,1983-12,need? have in bound copy
,Cushing,Texas Aggie,v.65,Text,,1984,"Bound copy, contains no.1-7 (none published in Apr./May? switched to Jan./Mar./Apr./June/Aug./Oct./Nov./Dec. in the middle of the year)"
,Cushing,Texas Aggie,v.65:no.1,Text,,1984-02,need? have in bound copy
,Cushing,Texas Aggie,v.65:no.2,Text,,1984-03,
,Cushing,Texas Aggie,v.65:no.3,Text,,1984-06,need? have in bound copy
,Cushing,Texas Aggie,v.65:no.4,Text,,1984-08,need? have in bound copy
,Cushing,Texas Aggie,v.65:no.5,Text,,1984-10,need? have in bound copy
,Cushing,Texas Aggie,v.65:no.6,Text,,1984-11,need? have in bound copy
,Cushing,Texas Aggie,v.65:no.7,Text,,1984-12,need? have in bound copy
,Cushing,Texas Aggie,v.66,Text,,1985,"Bound copy, contains no.1-8"
,Cushing,Texas Aggie,v.66:no.1,Text,,1985-01,need? have in bound copy
,Cushing,Texas Aggie,v.66:no.2,Text,,1985-03,need? have in bound copy
,Cushing,Texas Aggie,v.66:no.3,Text,,1985-04,need? have in bound copy
,Cushing,Texas Aggie,v.66:no.4,Text,,1985-06,need? have in bound copy
,Cushing,Texas Aggie,v.66:no.5,Text,,1985-08,
,Cushing,Texas Aggie,v.66:no.6,Text,,1985-10,
,Cushing,Texas Aggie,v.66:no.7,Text,,1985-11,
,Cushing,Texas Aggie,v.66:no.8,Text,,1985-12,
,Cushing,Texas Aggie,v.67:no.1,Text,,1986-01,
,Cushing,Texas Aggie,v.67:no.2,Text,,1986-03,
,Cushing,Texas Aggie,v.67:no.3,Text,,1986-04,
,Cushing,Texas Aggie,v.67:no.4,Text,,1986-06,
,Cushing,Texas Aggie,v.67:no.5,Text,,1986-08,
,Cushing,Texas Aggie,v.67:no.6,Text,,1986-10,
,Cushing,Texas Aggie,v.67:no.7,Text,,1986-11,
,Cushing,Texas Aggie,v.67:no.8,Text,,1986-12,
,Cushing,Texas Aggie,v.68:no.1,Text,,1987-01,
,Cushing,Texas Aggie,v.68:no.2,Text,,1987-03,
,Cushing,Texas Aggie,v.68:no.3,Text,,1987-04,
,Cushing,Texas Aggie,v.68:no.4,Text,,1987-06,2 copies
,Cushing,Texas Aggie,v.68:no.5,Text,,1987-08,
,Cushing,Texas Aggie,v.68:no.6,Text,,1987-10,
,Cushing,Texas Aggie,v.68:no.7,Text,,1987-11,
,Cushing,Texas Aggie,v.68:no.8,Text,,1987-12,
A14816060413,Evans,Texas Aggie,v.69:no.1-8,Text,,1988,"Bound copy, contains no. 1-8"
,Cushing,Texas Aggie,v.69:no.1,Text,,1988-01,
,Cushing,Texas Aggie,v.69:no.2,Text,,1988-03,
,Cushing,Texas Aggie,v.69:no.3,Text,,1988-04,
,Cushing,Texas Aggie,v.69:no.4,Text,,1988-06,
,Cushing,Texas Aggie,v.69:no.5,Text,,1988-08,
,Cushing,Texas Aggie,v.69:no.6,Text,,1988-10,
,Cushing,Texas Aggie,v.69:no.7,Text,,1988-11,
,Cushing,Texas Aggie,v.69:no.8,Text,,1988-12,
A14816060463,Evans,Texas Aggie,v.70:no.1-8,Text,,1989,"Bound copy, contains no. 1-8"
,Cushing,Texas Aggie,v.70:no.1,Text,,1989-01,
,Cushing,Texas Aggie,v.70:no.2,Text,,1989-03,
,Cushing,Texas Aggie,v.70:no.3,Text,,1989-04,
,Cushing,Texas Aggie,v.70:no.4,Text,,1989-06,
,Cushing,Texas Aggie,v.70:no.5,Text,,1989-08,
,Cushing,Texas Aggie,v.70:no.6,Text,,1989-10,
,Cushing,Texas Aggie,v.70:no.7,Text,,1989-11,
,Cushing,Texas Aggie,v.70:no.8,Text,,1989-12,
A14816060138,Evans,Texas Aggie,v.71:no.1-8,Text,,1990,"Bound copy, contains no. 1-8"
,Cushing,Texas Aggie,v.71:no.1,Text,,1990-01,
,Cushing,Texas Aggie,v.71:no.2,Text,,1990-03,
,Cushing,Texas Aggie,v.71:no.3,Text,,1990-04,
,Cushing,Texas Aggie,v.71:no.4,Text,,1990-06,
,Cushing,Texas Aggie,v.71:no.5,Text,,1990-08,
,Cushing,Texas Aggie,v.71:no.6,Text,,1990-10,
,Cushing,Texas Aggie,v.71:no.7,Text,,1990-11,
,Cushing,Texas Aggie,v.71:no.8,Text,,1990-12,
A14816060316,Evans,Texas Aggie,v.72:no.1-8,Text,,1991,"Bound copy, contains no. 1-8"
,Cushing,Texas Aggie,v.72:no.1,Text,,1991-01,
,Cushing,Texas Aggie,v.72:no.2,Text,,1991-03,
,Cushing,Texas Aggie,v.72:no.3,Text,,1991-04,
,Cushing,Texas Aggie,v.72:no.4,Text,,1991-06,
,Cushing,Texas Aggie,v.72:no.5,Text,,1991-08,
,Cushing,Texas Aggie,v.72:no.6,Text,,1991-10,
,Cushing,Texas Aggie,v.72:no.7,Text,,1991-11,
,Cushing,Texas Aggie,v.72:no.8,Text,,1991-12,
A14816138339,Evans,Texas Aggie,v.73:no.1-8,Text,,1992,"Bound copy, contains no. 1-8"
,Cushing,Texas Aggie,v.73:no.1,Text,,1992-01,
,Cushing,Texas Aggie,v.73:no.2,Text,,1992-03,
,Cushing,Texas Aggie,v.73:no.3,Text,,1992-04,
,Cushing,Texas Aggie,v.73:no.4,Text,,1992-06,
,Cushing,Texas Aggie,v.73:no.5,Text,,1992-08,
,Cushing,Texas Aggie,v.73:no.6,Text,,1992-10,
,Cushing,Texas Aggie,v.73:no.7,Text,,1992-11,
,Cushing,Texas Aggie,v.73:no.8,Text,,1992-12,
A14818428976,Evans,Texas Aggie,v.74:no.1-4,Text,,1993,"Bound copy, contains no. 1-4"
A14818424702,Evans,Texas Aggie,v.74:no.5-8,Text,,1993,"Bound copy, contains no. 5-8"
,Cushing,Texas Aggie,v.74:no.1,Text,,1993-01,
,Cushing,Texas Aggie,v.74:no.2,Text,,1993-03,
,Cushing,Texas Aggie,v.74:no.3,Text,,1993-04,
,Cushing,Texas Aggie,v.74:no.4,Text,,1993-06,
,Cushing,Texas Aggie,v.74:no.5,Text,,1993-08,
,Cushing,Texas Aggie,v.74:no.6,Text,,1993-10,
,Cushing,Texas Aggie,v.74:no.7,Text,,1993-11,
,Cushing,Texas Aggie,v.74:no.8,Text,,1993-12,
A14817920616,Evans,Texas Aggie,v.75:no.1-4,Text,,1994,"Bound copy, contains no. 1-4"
A14819344175,Evans,Texas Aggie,v.75:no.5-8,Text,,1994,"Bound copy, contains no. 5-8"
,Cushing,Texas Aggie,v.75:no.1,Text,,1994-01,
,Cushing,Texas Aggie,v.75:no.2,Text,,1994-03,
,Cushing,Texas Aggie,v.75:no.3,Text,,1993-04,
,Cushing,Texas Aggie,v.75:no.4,Text,,1994-06,
,Cushing,Texas Aggie,v.75:no.5,Text,,1994-08,
,Cushing,Texas Aggie,v.75:no.6,Text,,1994-10,
,Cushing,Texas Aggie,v.75:no.7,Text,,1994-11,
,Cushing,Texas Aggie,v.75:no.8,Text,,1994-12,
A14820125908,Evans,Texas Aggie,v.76:no.1-4,Text,,1995,"Bound copy, contains no. 1-4"
A14820126051,Evans,Texas Aggie,v.76:no.5-8,Text,,1995,"Bound copy, contains no. 5-8"
,Cushing,Texas Aggie,v.76:no.1,Text,,1995-01,
,Cushing,Texas Aggie,v.76:no.2,Text,,1995-03,
,Cushing,Texas Aggie,v.76:no.3,Text,,1995-04,
,Cushing,Texas Aggie,v.76:no.4,Text,,1995-06,
,Cushing,Texas Aggie,v.76:no.5,Text,,1995-08,
,Cushing,Texas Aggie,v.76:no.6,Text,,1995-10,
,Cushing,Texas Aggie,v.76:no.7,Text,,1995-11,
,Cushing,Texas Aggie,v.76:no.8,Text,,1995-12,
A14821105040,Evans,Texas Aggie,v.77:no.1-4,Text,,1996,"Bound copy, contains no. 1-4"
A14820726233,Evans,Texas Aggie,v.77:no.5-8,Text,,1996,"Bound copy, contains no. 5-8"
,Cushing,Texas Aggie,v.77:no.1,Text,,1996-01,
,Cushing,Texas Aggie,v.77:no.2,Text,,1996-03,
,Cushing,Texas Aggie,v.77:no.3,Text,,1996-04,
,Cushing,Texas Aggie,v.77:no.4,Text,,1996-06,
,Cushing,Texas Aggie,v.77:no.5,Text,,1996-08,
,Cushing,Texas Aggie,v.77:no.6,Text,,1996-10,
,Cushing,Texas Aggie,v.77:no.7,Text,,1996-11,
,Cushing,Texas Aggie,v.77:no.8,Text,,1996-12,
A14822506697,Evans,Texas Aggie,v.78:no.1-4,Text,,1997,"Bound copy, contains no. 1-4"
A14822506744,Evans,Texas Aggie,v.78:no.5-8,Text,,1997,"Bound copy, contains no. 5-8"
,Cushing,Texas Aggie,v.78:no.1,Text,,1997-01,
,Cushing,Texas Aggie,v.78:no.2,Text,,1997-03,
,Cushing,Texas Aggie,v.78:no.3,Text,,1997-04,
,Cushing,Texas Aggie,v.78:no.4,Text,,1997-06,
,Cushing,Texas Aggie,v.78:no.5,Text,,1997-08,
,Cushing,Texas Aggie,v.78:no.6,Text,,1997-10,"printed no.4, cataloged as no.6"
,Cushing,Texas Aggie,v.78:no.7,Text,,1997-11,
,Cushing,Texas Aggie,v.78:no.8,Text,,1997-12,
A14825272116,Evans,Texas Aggie,v.79:no.1-4,Text,,1998,"Bound copy, contains no. 1-4"
A14825272166,Evans,Texas Aggie,v.79:no.5-8,Text,,1998,"Bound copy, contains no. 5-8"
,Cushing,Texas Aggie,v.79:no.1,Text,,1998-01,
,Cushing,Texas Aggie,v.79:no.2,Text,,1998-03,
,Cushing,Texas Aggie,v.79:no.3,Text,,1998-04,
,Cushing,Texas Aggie,v.79:no.4,Text,,1998-06,
,Cushing,Texas Aggie,v.79:no.5,Text,,1998-08,
,Cushing,Texas Aggie,v.79:no.6,Text,,1998-10,
,Cushing,Texas Aggie,v.79:no.7,Text,,1998-11,
,Cushing,Texas Aggie,v.79:no.8,Text,,1998-12,
A14826390543,Evans,Texas Aggie,v.80:no.1-4,Text,,1999,"Bound copy, contains no. 1-4"
A14826390585,Evans,Texas Aggie,v.80:no.5-8,Text,,1999,"Bound copy, contains no. 5-8"
,Cushing,Texas Aggie,v.80:no.1,Text,,1999-01,
,Cushing,Texas Aggie,v.80:no.2,Text,,1999-03,
,Cushing,Texas Aggie,v.80:no.3,Text,,1999-04,
,Cushing,Texas Aggie,v.80:no.4,Text,,1999-06,
,Cushing,Texas Aggie,v.80:no.5,Text,,1999-08,
,Cushing,Texas Aggie,v.80:no.6,Text,,1999-10,
,Cushing,Texas Aggie,v.80:no.7,Text,,1999-11,
,Cushing,Texas Aggie,v.80:no.8,Text,,1999-12,
,Cushing,Texas Aggie,Special Bonfire Memorial Issue,Text,,1999-12,2 copies
A14828594339,Evans,Texas Aggie,v.81:no.1-4,Text,,2000,"Bound copy, contains no. 1-4"
A14828594347,Evans,Texas Aggie,v.81:no.7-8,Text,,2000,"Bound copy, contains no. 7-8"
,Cushing,Texas Aggie,v.81:no.1,Text,,2000-01,
,Cushing,Texas Aggie,v.81:no.2,Text,,2000-03,
,Cushing,Texas Aggie,v.81:no.3,Text,,2000-04,
,Cushing,Texas Aggie,v.81:no.4,Text,,2000-06,
,Cushing,Texas Aggie,v.81:no.5,Text,,2000-08,
,Cushing,Texas Aggie,v.81:no.6,Text,,2000-10,
,Cushing,Texas Aggie,v.81:no.7,Text,,2000-11,
,Cushing,Texas Aggie,v.81:no.8,Text,,2000-12,
A14828599630,Evans,Texas Aggie,v.82:no.1-3,Text,,2001,"Bound copy, contains no. 1-3"
A14828599672,Evans,Texas Aggie,v.82:no.5-6,Text,,2001,"Bound copy, contains no. 5-6"
,Cushing,Texas Aggie,v.82:no.1,Text,,2001-01,Begin published every two months? 6 issues per year
,Cushing,Texas Aggie,v.82:no.2,Text,,2001-03,
,Cushing,Texas Aggie,v.82:no.3,Text,,2001-05,
,Cushing,Texas Aggie,v.82:no.4,Text,,2001-07,
,Cushing,Texas Aggie,v.82:no.5,Text,,2001-09,
,Cushing,Texas Aggie,v.82:no.6,Text,,2001-11,
A14830964304,Evans,Texas Aggie,v.83:no.1-3,Text,,2002,"Bound copy, contains no. 1-3"
A14830965855,Evans,Texas Aggie,v.83:no.5-6,Text,,2002,"Bound copy, contains no. 5-6"
,Cushing,Texas Aggie,v.83:no.1,Text,,2002-01,
,Cushing,Texas Aggie,v.83:no.2,Text,,2002-03,
,Cushing,Texas Aggie,v.83:no.3,Text,,2002-05,
,Cushing,Texas Aggie,v.83:no.4,Text,,2002-07,
,Cushing,Texas Aggie,v.83:no.5,Text,,2002-09,
,Cushing,Texas Aggie,v.83:no.6,Text,,2002-11,
A14832213775,Evans,Texas Aggie,v.84:no.1-5,Text,,2003,"Bound copy, contains no. 1-5"
A14833718176,Evans,Texas Aggie,v.84:no.6,Text,,2003,Bound copy
,Cushing,Texas Aggie,v.84:no.1,Text,,2003-01,
,Cushing,Texas Aggie,v.84:no.2,Text,,2003-03,
,Cushing,Texas Aggie,v.84:no.3,Text,,2003-05,
,Cushing,Texas Aggie,v.84:no.4,Text,,2003-07,
,Cushing,Texas Aggie,v.84:no.5,Text,,2003-09,
,Cushing,Texas Aggie,v.84:no.6,Text,,2003-11,
A14832867825,Evans,Texas Aggie,v.85:no.1-3,Text,,2004,Bound copy. contains no. 1-3
A14832863457,Evans,Texas Aggie,v.85:no.4-6,Text,,2004,"Bound copy, contains, no.4-6"
,Cushing,Texas Aggie,v.85:no.1,Text,,2004:Jan./Feb.,
,Cushing,Texas Aggie,v.85:no.2,Text,,2004:Mar./Apr.,
A1485292647F,Cushing,Texas Aggie,v.85:no.3,Text,,2004:May/June,reshelving area in 207
,Cushing,Texas Aggie,v.85:no.3,Text,,2004:May/June,
,Cushing,Texas Aggie,v.85:no.4,Text,,2004:July/Aug.,
,Cushing,Texas Aggie,v.85:no.5,Text,,2004:Sept./Oct.,2 copies. 125th commemorative issue.
,Cushing,Texas Aggie,v.85:no.6,Text,,2004:Nov./Dec.,
A14834659668,Evans,Texas Aggie,v.86:no.1-3,Text,,2005,Bound copy. contains no. 1-3
A14834659707,Evans,Texas Aggie,v.86:no.4-6,Text,,2005,"Bound copy, contains, no.4-6"
,Cushing,Texas Aggie,v.86:no.1,Text,,2005:Jan./Feb.,
,Cushing,Texas Aggie,v.86:no.2,Text,,2005:Mar./Apr.,
,Cushing,Texas Aggie,v.86:no.3,Text,,2005:May/June,
,Cushing,Texas Aggie,v.86:no.4,Text,,2005:July/Aug.,
,Cushing,Texas Aggie,v.86:no.5,Text,,2005:Sept./Oct.,
,Cushing,Texas Aggie,v.86:no.6,Text,,2005:Nov./Dec.,
A14836453474,Evans,Texas Aggie,v.87:no.1-3,Text,,2006,Bound copy. contains no. 1-3; missing 4
A14836453513,Evans,Texas Aggie,v.87:no.5-6,Text,,2006,"Bound copy, contains, no. 5-6"
,Cushing,Texas Aggie,v.87:no.1,Text,,2006:Jan./Feb.,
,Cushing,Texas Aggie,v.87:no.2,Text,,2006:Mar./Apr.,
,Cushing,Texas Aggie,v.87:no.3,Text,,2006:May/June,
,Cushing,Texas Aggie,v.87:no.4,Text,,2006:July/Aug.,2 copies
,Cushing,Texas Aggie,v.87:no.5,Text,,2006:Sept./Oct.,
,Cushing,Texas Aggie,v.87:no.6,Text,,2006:Nov./Dec.,
A14837289454,Evans,Texas Aggie,v.88:no.1-3,Text,,2007,Bound copy. contains no. 1-3; missing 4
A14837289705,Evans,Texas Aggie,v.88:no.5-6,Text,,2007,"Bound copy, contains, no. 5-6"
,Cushing,Texas Aggie,v.88:no.1,Text,,2007:Jan./Feb.,
,Cushing,Texas Aggie,v.88:no.2,Text,,2007:Mar./Apr.,
,Cushing,Texas Aggie,v.88:no.3,Text,,2007:May/June,
,Cushing,Texas Aggie,v.88:no.4,Text,,2007:July/Aug.,
,Cushing,Texas Aggie,v.88:no.5,Text,,2007:Sept./Oct.,spine says July-Aug. but it is Sept./Oct.
,Cushing,Texas Aggie,v.88:no.6,Text,,2007:Nov./Dec.,
A14834772474,Evans,Texas Aggie,v.89:no.1-3,Text,,2008,"Bound copy, contains no. 1-3"
A14838922322,Evans,Texas Aggie,v.89:no.4-5,Text,,2008,"Bound copy, contains, no. 4-5; missing 6"
,Cushing,Texas Aggie,v.89:no.1,Text,,2008:Jan./Feb.,
,Cushing,Texas Aggie,v.89:no.2,Text,,2008:Mar./Apr.,
,Cushing,Texas Aggie,v.89:no.3,Text,,2008:May/June,
,Cushing,Texas Aggie,v.89:no.4,Text,,2008:July/Aug.,2 copies
,Cushing,Texas Aggie,v.89:no.5,Text,,2008:Sept./Oct.,2 copies
,Cushing,Texas Aggie,v.89:no.6,Text,,2008:Nov./Dec.,2 copies
A14838922534,Evans,Texas Aggie,v.90:no.1-3,Text,,2009,"Bound copy, contains no. 1-3"
A14839119061,Evans,Texas Aggie,v.90:no.4-6,Text,,2009,"Bound copy, contains no. 4-6"
,Cushing,Texas Aggie,v.90:no.1,Text,,2009:Jan./Feb.,2 copies
,Cushing,Texas Aggie,v.90:no.2,Text,,2009:Mar./Apr.,2 copies
,Cushing,Texas Aggie,v.90:no.3,Text,,2009:May/June,2 copies
,Cushing,Texas Aggie,v.90:no.4,Text,,2009:July/Aug.,2 copies
,Cushing,Texas Aggie,v.90:no.5,Text,,2009:Sept./Oct.,2 copies
,Cushing,Texas Aggie,v.90:no.6,Text,,2009:Nov./Dec.,2 copies
A14839119304,Evans,Texas Aggie,v.91:no.1-3,Text,,2010,"Bound copy, contains no. 1-3"
A14839667852,Evans,Texas Aggie,v.91:no.4-6,Text,,2010,"Bound copy, contains no. 4-6"
,Cushing,Texas Aggie,v.91:no.1,Text,,2010:Jan./Feb.,2 copies
,Cushing,Texas Aggie,v.91:no.2,Text,,2010:Mar./Apr.,2 copies
,Cushing,Texas Aggie,v.91:no.3,Text,,2010:May/June,2 copies
,Cushing,Texas Aggie,v.91:no.4,Text,,2010:July/Aug.,2 copies
,Cushing,Texas Aggie,v.91:no.5,Text,,2010:Sept./Oct.,2 copies
,Cushing,Texas Aggie,v.91:no.6,Text,,2010:Nov./Dec.,2 copies
A14839667909,Evans,Texas Aggie,v.92:no.1-3,Text,,2011,"Bound copy, contains no. 1-3"
A14839667959,Evans,Texas Aggie,v.92:no.4-6,Text,,2011,"Bound copy, contains no. 4-6"
,Cushing,Texas Aggie,v.92:no.1,Text,,2011:Jan./Feb.,2 copies
,Cushing,Texas Aggie,v.92:no.2,Text,,2011:Mar./Apr.,2 copies
,Cushing,Texas Aggie,v.92:no.3,Text,,2011:May/June,2 copies
,Cushing,Texas Aggie,v.92:no.4,Text,,2011:July/Aug.,2 copies
,Cushing,Texas Aggie,v.92:no.5,Text,,2011:Sept./Oct.,2 copies
,Cushing,Texas Aggie,v.92:no.6,Text,,2011:Nov./Dec.,2 copies
A14842299563,Evans,Texas Aggie,v.93:no.1-3,Text,,2012,"Bound copy, contains no. 1-3"
A14842299555,Evans,Texas Aggie,v.93:no.4-6,Text,,2012,"Bound copy, contains no. 4-6"
,Cushing,Texas Aggie,v.93:no.1,Text,,2012:Jan./Feb.,2 copies
,Cushing,Texas Aggie,v.93:no.2,Text,,2012:Mar./Apr.,2 copies
,Cushing,Texas Aggie,v.93:no.3,Text,,2012:May/June,need. AFS has copy?
,Cushing,Texas Aggie,v.93:no.4,Text,,2012:July/Aug.,2 copies
,Cushing,Texas Aggie,v.93:no.5,Text,,2012:Sept./Oct.,2 copies
,Cushing,Texas Aggie,v.93:no.6,Text,,2012:Nov./Dec.,3 copies
A14842299548,Evans,Texas Aggie,v.94:no.1-3,Text,,2013,"Bound copy, contains no. 1-3"
A14842299530,Evans,Texas Aggie,v.94:no.4-6,Text,,2013,"Bound copy, contains no. 4-6"
,Cushing,Texas Aggie,v.94:no.1,Text,,2013:Jan./Feb.,2 copies
,Cushing,Texas Aggie,v.94:no.2,Text,,2013:Mar./Apr.,2 copies
,Cushing,Texas Aggie,v.94:no.3,Text,,2013:May/June,2 copies
,Cushing,Texas Aggie,v.94:no.4,Text,,2013:July/Aug.,3 copies
,Cushing,Texas Aggie,v.94:no.5,Text,,2013:Sept./Oct.,2 copies
,Cushing,Texas Aggie,v.94:no.6,Text,,2013:Nov./Dec.,2 copies
A14843052961,Evans,Texas Aggie,v.95:no.1-3,Text,,2014,"Bound copy, contains no. 1-3"
A14843052979,Evans,Texas Aggie,v.95:no.4-6,Text,,2014,"Bound copy, contains no. 4-6"
,Cushing,Texas Aggie,v.95:no.1,Text,,2014:Jan./Feb.,2 copies
,Cushing,Texas Aggie,v.95:no.2,Text,,2014:Mar./Apr.,2 copies
,Cushing,Texas Aggie,v.95:no.3,Text,,2014:May/June,2 copies
,Cushing,Texas Aggie,v.95:no.4,Text,,2014:July/Aug.,2 copies
,Cushing,Texas Aggie,v.95:no.5,Text,,2014:Sept./Oct.,2 copies
,Cushing,Texas Aggie,v.95:no.6,Text,,2014:Nov./Dec.,
A14843484651,Evans,Texas Aggie,v.96:no.1-3,Text,,2015,"Bound copy, contains no. 1-3"
A14843484669,Evans,Texas Aggie,v.96:no.4-6,Text,,2015,"Bound copy, contains no. 4-6"
,Cushing,Texas Aggie,v.96:no.1,Text,,2015:Jan./Feb.,2 copies
,Cushing,Texas Aggie,v.96:no 2,Text,,2015:Mar./Apr.,2 copies
,Cushing,Texas Aggie,v.96:no 3,Text,,2015:May/June,
,Cushing,Texas Aggie,v.96:no.4,Text,,2015:July/Aug.,2 copies
,Cushing,Texas Aggie,v.96:no.5,Text,,2015:Sept./Oct.,
,Cushing,Texas Aggie,v.96:no.6,Text,,2015:Nov./Dec.,2 copies
A14850090946,Evans,Texas Aggie,v.97:no.1-3,Text,,2016,"Bound copy, contains no. 1-3"
A14850091068,Evans,Texas Aggie,v.97:no.4-6,Text,,2016,"Bound copy, contains no. 4-6"
,Cushing,Texas Aggie,v.97:no.1,Text,,2016:Jan./Feb.,2 copies
,Cushing,Texas Aggie,v.97:no.2,Text,,2016:Mar./Apr.,2 copies
,Cushing,Texas Aggie,v.97:no.3,Text,,2016:May/June,2 copies
,Cushing,Texas Aggie,v.97:no.4,Text,,2016:July/Aug.,2 copies
,Cushing,Texas Aggie,v.97:no.5,Text,,2016:Sept./Oct.,2 copies
,Cushing,Texas Aggie,v.97:no.6,Text,,2016:Nov./Dec.,2 copies
A14850418535,Evans,Texas Aggie,v.97-2:no.1,Text,,2017,"Bound copy, no. 1"
A14850374050,Evans,Texas Aggie,v.97-2:no.2-5,Text,,2017,"Bound copy, contains 2-5."
,Cushing,Texas Aggie,v.97-2:no.1,Text,,2017:Jan./Feb.,2 copies
,Cushing,Texas Aggie,v.97-2:no.2,Text,,2017:Mar./Apr.,2 copies
,Cushing,Texas Aggie,v.97-2:no.3,Text,,2017:May/June,2 copies
,Cushing,Texas Aggie,v.97-2:no.4,Text,,2017:July/Aug.,
,Cushing,Texas Aggie,v.97-2:no.5,Text,,2017:Sept./Oct.,
,Cushing,Texas Aggie,v.97-2:no.6,Text,,2017:Nov./Dec.,need. AFS has copy?
A14850418543,Evans,Texas Aggie,v.98:no.1-3,Text,,2018,"Bound copy, contains no. 1-3"
A14833739716,Evans,Texas Aggie,v.98:no.4-6,Text,,2018,"Bound copy, contains no. 4-6"
,Cushing,Texas Aggie,v.98:no.1,Text,,2018:Jan./Feb.,2 copies
,Cushing,Texas Aggie,v.98:no.2,Text,,2018:Mar./Apr.,2 copies
,Cushing,Texas Aggie,v.98:no.3,Text,,2018:May/June,2 copies. 1 copy incorrectly cataloged as no.2
,Cushing,Texas Aggie,v.98:no.4,Text,,2018:July/Aug.,2 copies
,Cushing,Texas Aggie,v.98:no.5,Text,,2018:Sept./Oct.,2 copies
,Cushing,Texas Aggie,v.98:no.6,Text,,2018:Nov./Dec.,2 copies
A14850917817,Evans,Texas Aggie,v.99:no.1-3,Text,,2019,"Bound copy, contains no. 1-3"
A14851465725,Evans,Texas Aggie,v.99:no.4-6,Text,,2019,"Bound copy, contains no. 4-6"
,Cushing,Texas Aggie,v.99:no.1,Text,,2019:Jan./Feb.,2 copies
,Cushing,Texas Aggie,v.99:no.2,Text,,2019:Mar./Apr.,
,Cushing,Texas Aggie,v.99:no.3,Text,,2019:May/June,2 copies
,Cushing,Texas Aggie,v.99:no.4,Text,,2019:July/Aug.,2 copies
,Cushing,Texas Aggie,v.99:no.5,Text,,2019:Sept./Oct.,3 copies
,Cushing,Texas Aggie,v.99:no.6,Text,,2019:Nov./Dec.,3 copies
A14851484585,Evans,Texas Aggie,v.100:no.1-3,Text,,2020,"Bound copy, contains no. 1-3"
A14851497934,Evans,Texas Aggie,v.100:no.4-6,Text,,2020,"Bound copy, contains no. 4-6"
,Cushing,Texas Aggie,v.100:no.1,Text,,2020:Jan./Feb.,3 copies
,Cushing,Texas Aggie,v.100:no.2,Text,,2020:Apr./Mar.,3 copies
,Cushing,Texas Aggie,v.100:no.3,Text,,2020:May/June,2 copies
,Cushing,Texas Aggie,v.100:no.4,Text,,2020:July/Aug.,3 copies
,Cushing,Texas Aggie,v.100:no.5,Text,,2020:Sept./Oct.,3 copies
,Cushing,Texas Aggie,v.100:no.6,Text,,2020:Nov./Dec.,3 copies
A14851506098,Evans,Texas Aggie,v.101:no.1-3,Text,,2021,"Bound copy, contains no. 1-3"
A14851516972,Evans,Texas Aggie,v.101:no.4-6,Text,,2021,"Bound copy, contains no. 4-6"
,Cushing,Texas Aggie,v.101:no.1,Text,,2021:Jan./Feb.,3 copies
,Cushing,Texas Aggie,v.101:no.2,Text,,2021:Mar./Apr.,3 copies
,Cushing,Texas Aggie,v.101:no.3,Text,,2021:May/June,3 copies. 100 years of Texas Aggie
A14853040563,Cushing,Texas Aggie,v.101:no.4,Text,,2021:July/Aug.,"multiple lines when we had individual barcodes, only within the last few years."
A14853040552,Cushing,Texas Aggie,v.101:no.4,Text,,2021:July/Aug.,
,Cushing,Texas Aggie,v.101:no.4,Text,,2021:July/Aug.,no barcode
,Cushing,Texas Aggie,v.101:no.5,Text,,2021:Sept./Oct.,3 copies
,Cushing,Texas Aggie,v.101:no.6,Text,,2021:Nov./Dec.,3 copies
A14851788183,Evans,Texas Aggie,v.102:no.1-3,Text,,2022,"Bound copy, contains no. 1-3"
A14851810417,Evans,Texas Aggie,v.102:no.4-6,Text,,2022,"Bound copy, contains no. 4-6"
A1485298307E,Cushing,Texas Aggie,v.102:no.1,Text,,2022:Jan./Feb.,
A1485298303A,Cushing,Texas Aggie,v.102:no.1,Text,,2022:Jan./Feb.,
A1485298326F,Cushing,Texas Aggie,v.102:no.1,Text,,2023:Jan./Feb.,not in stacks
A1485298308F,Cushing,Texas Aggie,v.102:no.2,Text,,2022:Mar./Apr.,
A1485298304B,Cushing,Texas Aggie,v.102:no.2,Text,,2022:Mar./Apr.,
,Cushing,Texas Aggie,v.102:no.3,Text,,2022:May/June,need. AFS has copy?
A1485298309G,Cushing,Texas Aggie,v.102:no.4,Text,,2022:July/Aug.,
A1485298305C,Cushing,Texas Aggie,v.102:no.4,Text,,2022:July/Aug.,
A14852983108,Cushing,Texas Aggie,v.102:no.5,Text,,2022:Sept/Oct.,?? no barcode on stacks copy
A14852983119,Cushing,Texas Aggie,v.102:no.6,Text,,2022:Nov./Dec.,?? no barcode on stacks copy
A1485298306D,Cushing,Texas Aggie,v.102:no.6,Text,,2022:Nov./Dec.,
A14852072348,Evans,Texas Aggie,v.103:no.1-3,Text,,2023,"Bound copy, contains no. 1-3"
A14852072330,Evans,Texas Aggie,v.103:no.4-6,Text,,2023,"Bound copy, contains no. 4-6"
A1485298326F,Cushing,Texas Aggie,v.103:no.1,Text,,2023:Jan./Feb.,
A1485303996F,Cushing,Texas Aggie,v.103:no.2,Text,,2023:Mar./Apr.,
A1485303997G,Cushing,Texas Aggie,v.103:no.2,Text,,2023:Mar./Apr.,
A14853040484,Cushing,Texas Aggie,v.103:no.3,Text,,2023:May/June,
A14853040495,Cushing,Texas Aggie,v.103:no.3,Text,,2023:May/June,
A14853040664,Cushing,Texas Aggie,v.103:no.4,Text,,2023:July/Aug.,reshelving area in 207
A14853040675,Cushing,Texas Aggie,v.103:no.4,Text,,2023:July/Aug.,reshelving area in 207
A14853040877,Cushing,Texas Aggie,v.103:no.5,Text,,2023:Sept./Oct.,reshelving area in 207
A14853040888,Cushing,Texas Aggie,v.103:no.5,Text,,2023:Sept./Oct.,reshelving area in 207
A1485304099A,Cushing,Texas Aggie,v.103:no.6,Text,,2023:Nov./Dec.,reshelving area in 207
A14853040989,Cushing,Texas Aggie,v.103:no.6,Text,,2023:Nov./Dec.,reshelving area in 207
A14853041272,Cushing,Texas Aggie,v.104:no.1,Text,,2024:Jan./Feb.,reshelving area in 207
A14853041283,Cushing,Texas Aggie,v.104:no.1,Text,,2024:Jan./Feb.,reshelving area in 207
,Cushing,Texas Aggie,v.104:no.2,Text,,2024:Mar./Apr.,need. AFS has copy?
A14853041711,Cushing,Texas Aggie,v.104:no.3,Text,,2024:May/June,
A14853041722,Cushing,Texas Aggie,v.104:no.3,Text,,2024 May/June,
,Cushing,Texas Aggie,v.104:no.4,Text,,2024:July/Aug.,need. AFS has copy?